id	Synonym	Group	year	month	day	Country	Country__colour	Region	Latitude	Longitude	SCCmec from Velvet	spa-type	Resistance profile	MecA	ErmC	BlaZ	TetK	FusC	fusA	dfrA	ileS-2	aacA-aphD	grlA	gyrA	rplC DS145	ermC plasmid	Hospital-origin	tsst	SCIN	sak	CHIPS	entC	lukS/F	ureC	Amikacin	Ciprofloxacin	Clindamycin	Daptomycin	Erythromycin	FusidicAcid	Gentamicin	Linezolid	Methicillin	Moxifloxacin	Mupirocin	Penicillin	Rifampicin	Tetracycline	Tobramycin	Trimethoprim	Vancomycin
1091	RH10000213	ST22-A2	2008	8	20	UK	#FF0000FF	London, England	51.4978665	-0.1188407	IVh 	t032	PEN, OXA, CIP, FUS, MFL	mecA	-	blaZ-B	-	-	H457Q	-	-	-	S80F	S84L	-	-	+	-	SCIN	sak	CHIPS	entC	-	frameshift	susceptible	resistant	susceptible	susceptible	susceptible	resistant	susceptible	susceptible	resistant	resistant	susceptible	resistant	susceptible	susceptible	susceptible	susceptible	susceptible
712181	RH10000207	ST22-A2	2007	9	19	UK	#FF0000FF	London, England	51.4978665	-0.1188407	IVh 	t7706	PEN, OXA, ERY, CIP, MFL	mecA	ermC	blaZ-B	-	-	-	-	-	-	S80F	S84L	-	-	+	-	SCIN	sak	CHIPS	-	-	frameshift	susceptible	resistant	susceptible	susceptible	resistant	susceptible	susceptible	susceptible	resistant	resistant	susceptible	resistant	susceptible	susceptible	susceptible	susceptible	susceptible
729192	RH10000206	ST22-A2	2007	4	7	UK	#FF0000FF	London, England	51.4978665	-0.1188407	IVh 	t032	PEN, OXA, ERY, CIP, MFL	mecA	ermC	blaZ-B	-	-	-	-	-	-	S80F	S84L	-	-	+	-	SCIN	sak	CHIPS	entC	-	frameshift	susceptible	resistant	susceptible	susceptible	resistant	susceptible	susceptible	susceptible	resistant	resistant	susceptible	resistant	susceptible	susceptible	susceptible	susceptible	susceptible
03_2372_Z	-	ST22-A2	2003	2	22	UK	#FF0000FF	Royal Infirmary, Glasgow, Scotland 	55.8659	-4.23172	IVh 	t032	PEN, OXA, ERY, CIP, MFL	mecA	ermC	blaZ-B	-	-	-	-	-	-	S80F	S84L	-	-	+	-	SCIN	sak	CHIPS	entC	-	frameshift	susceptible	resistant	susceptible	susceptible	resistant	susceptible	susceptible	susceptible	resistant	resistant	susceptible	resistant	susceptible	susceptible	susceptible	susceptible	susceptible
03-00220	VA 448/03	non-ST22-A	2003	1	21	Germany	#FF6600FF	Leipzig	51.3397	12.3714	MSSA	t005	PEN, ERY, CLI	-	ermC	blaZ-B	-	-	-	-	-	-	-	-	-	57bp deletion	+	-	SCIN	sak	CHIPS	-	-	-	susceptible	susceptible	resistant	susceptible	resistant	susceptible	susceptible	susceptible	susceptible	susceptible	susceptible	resistant	susceptible	susceptible	susceptible	susceptible	susceptible
03-00397	231716	ST22-A2	2003	2	10	Germany	#FF6600FF	Göttingen	51.5326	9.9284	IVh 	t032	PEN, OXA, ERY, CLI, CIP, MFL	mecA	ermC	blaZ-B	-	-	-	-	-	-	S80F	S84L	-	72bp deletion of ermC leader peptide, 60 bp upstream of ermC 	+	-	-	-	-	entC	-	frameshift	susceptible	resistant	resistant	susceptible	resistant	susceptible	susceptible	susceptible	resistant	resistant	susceptible	resistant	susceptible	susceptible	susceptible	susceptible	susceptible
03-01478	237502	ST22-A2	2003	7	10	Germany	#FF6600FF	Göttingen	51.5326	9.9284	IVh 	t032	PEN, OXA, ERY, CLI, CIP, MFL	mecA	ermC	blaZ-B	-	-	-	-	-	-	S80F	S84L	-	72bp deletion of ermC leader peptide, 60 bp upstream of ermC 	+	-	SCIN	sak	CHIPS	entC	-	frameshift	susceptible	resistant	resistant	susceptible	resistant	susceptible	susceptible	susceptible	resistant	resistant	susceptible	resistant	susceptible	susceptible	susceptible	susceptible	susceptible
04-00608	04-02-13-0184	non-ST22-A	2004	2	26	Germany	#FF6600FF	Regensburg	49.0165	12.1009	VI (not ccrB4 and ccrA4, but ccrB2 and ccrA2)	t310	PEN, OXA, FUS	mecA	-	blaZ-B	-	fusC	-	-	-	-	-	-	-	-	-	-	SCIN	sak	CHIPS	-	lukS/F	-	susceptible	susceptible	susceptible	susceptible	susceptible	resistant	susceptible	susceptible	resistant	susceptible	susceptible	resistant	susceptible	susceptible	susceptible	susceptible	susceptible
04-00609	04-02-09-0043	non-ST22-A	2004	2	26	Germany	#FF6600FF	Regensburg	49.0165	12.1009	VI (not ccrB4 and ccrA4, but ccrB2 and ccrA2)	t309	PEN, OXA, FUS	mecA	-	blaZ-B	-	fusC	-	-	-	-	-	-	-	-	-	-	SCIN	sak	CHIPS	-	lukS/F	-	susceptible	susceptible	susceptible	susceptible	susceptible	resistant	susceptible	susceptible	resistant	susceptible	susceptible	resistant	susceptible	susceptible	susceptible	susceptible	susceptible
04-02314-1	03.8951.G	non-ST22-A	2004			UK	#FF0000FF	Glasgow 	55.8656	-4.2572	IV(J1-novel, J3-dcs, VI like)	t849	PEN, OXA, FUS	mecA	-	blaZ-B	-	fusC	-	-	-	-	-	-	-	-	-	-	SCIN	sak	CHIPS	entC	lukS/F	-	susceptible	susceptible	susceptible	susceptible	susceptible	resistant	susceptible	susceptible	resistant	susceptible	susceptible	resistant	susceptible	susceptible	susceptible	susceptible	susceptible
04-02315-1	02.1071.K	non-ST22-A	2004			UK	#FF0000FF	Glasgow 	55.8656	-4.2572	IVa	t005	PEN, OXA	mecA	-	blaZ-B	-	-	-	-	-	-	-	-	-	-	-	-	SCIN	sak	CHIPS	entC	lukS/F	-	susceptible	susceptible	susceptible	susceptible	susceptible	susceptible	susceptible	susceptible	resistant	susceptible	susceptible	resistant	susceptible	susceptible	susceptible	susceptible	susceptible
04-03100	A 341/3	ST22-A2	2003	2	11	Germany	#FF6600FF	Wernigerode	51.8381	10.7904	IVh 	t032	PEN, OXA, ERY, CLI, CIP, MFL	mecA	ermC	blaZ-B	-	-	-	-	-	-	S80F	S84L	-	71bp deletion of ermC leader peptide, 61 bp of ermC 	-	-	SCIN	sak	CHIPS	entC	-	frameshift	susceptible	resistant	resistant	susceptible	resistant	susceptible	susceptible	susceptible	resistant	resistant	susceptible	resistant	susceptible	susceptible	susceptible	susceptible	susceptible
04-03103	3745	ST22-A2	2004	10	19	Germany	#FF6600FF	Wernigerode	51.8381	10.7904	IVh 	t032	PEN, OXA, ERY, CLI, CIP, MFL	mecA	ermC	blaZ-B	-	-	-	-	-	-	S80F	S84L	-	72bp deletion of ermC leader peptide, 60 bp upstream of ermC 	-	-	SCIN	sak	CHIPS	-	-	frameshift	susceptible	resistant	resistant	susceptible	resistant	susceptible	susceptible	susceptible	resistant	resistant	susceptible	resistant	susceptible	susceptible	susceptible	susceptible	susceptible
04-03111	4566	ST22-A2	2004	6	28	Germany	#FF6600FF	Wernigerode	51.8381	10.7904	IVh 	t032	PEN, OXA, ERY, CLI, CIP, MFL	mecA	ermC	blaZ-B	-	-	-	-	-	-	S80F	S84L	-	72bp deletion of ermC leader peptide, 60 bp upstream of ermC 	-	-	SCIN	sak	CHIPS	-	-	frameshift	susceptible	resistant	resistant	susceptible	resistant	susceptible	susceptible	susceptible	resistant	resistant	susceptible	resistant	susceptible	susceptible	susceptible	susceptible	susceptible
05_1321_H	-	ST22-A2	2005	1	6	UK	#FF0000FF	Royal Infirmary, Aberdeen, Scotland	57.1549781	-2.1361221	IVh 	t032	PEN, OXA, ERY, TET, CIP, MFL	mecA	ermC	blaZ-B	tetK	-	-	-	-	-	S80F	S84L	-	-	+	-	SCIN	sak	CHIPS	entC	-	frameshift	susceptible	resistant	susceptible	susceptible	resistant	susceptible	susceptible	susceptible	resistant	resistant	susceptible	resistant	susceptible	resistant	susceptible	resistant	susceptible
05-01089	B02-002537/GH	non-ST22-A	2002	1	11	Germany	#FF6600FF	München	48.1391	11.5802	VI (not ccrB4 and ccrA4, but ccrB2 and ccrA2)	t310	PEN, OXA, FUS	mecA	-	blaZ-B	-	fusC	-	-	-	-	-	-	-	-	-	-	SCIN	sak	CHIPS	-	lukS/F	-	susceptible	susceptible	susceptible	susceptible	susceptible	resistant	susceptible	susceptible	resistant	susceptible	susceptible	resistant	susceptible	susceptible	susceptible	susceptible	susceptible
06-00896	AB 6144-129	non-ST22-A	2006	4	10	Germany	#FF6600FF	Augsburg	48.3655	10.8948	VI (not ccrB4 and ccrA4, but ccrB2 and ccrA2)	t310	PEN, OXA, CIP, FUS 	mecA	-	blaZ-B	-	fusC	-	-	-	-	S80Y	-	-	-	-	-	SCIN	sak	CHIPS	-	lukS/F	-	susceptible	resistant	susceptible	susceptible	susceptible	resistant	susceptible	susceptible	resistant	susceptible	susceptible	resistant	susceptible	susceptible	susceptible	susceptible	susceptible
06-01203	99-621B 32	non-ST22-A	2006	5	22	Germany	#FF6600FF	Geesthacht	53.4303	10.3741	V (5C2&5)	t307	PEN, OXA, CIP, FUS, MFL	mecA	-	blaZ-B	-	fusC	-	-	-	-	S80F	S84L	-	-	-	-	-	-	-	entC	-	-	susceptible	resistant	susceptible	susceptible	susceptible	resistant	susceptible	susceptible	resistant	resistant	susceptible	resistant	susceptible	susceptible	susceptible	susceptible	susceptible
06-01347	2451720	non-ST22-A	2006	6	18	Germany	#FF6600FF	Göttingen	51.5326	9.9284	MSSA	t712	PEN	-	-	blaZ-B	-	-	-	-	-	-	-	-	-	-	+	-	SCIN	sak	CHIPS	-	-	-	susceptible	susceptible	susceptible	susceptible	susceptible	susceptible	susceptible	susceptible	susceptible	susceptible	susceptible	resistant	susceptible	susceptible	susceptible	susceptible	susceptible
06-01396	2451771	ST22-A2	2006	6	21	Germany	#FF6600FF	Göttingen	51.5326	9.9284	MSSA	t1021	PEN, CIP, MFL	-	-	blaZ-B	-	-	-	-	-	-	S80F	S84L	-	-	unknown	-	SCIN	sak	CHIPS	-	-	frameshift	susceptible	resistant	susceptible	susceptible	susceptible	susceptible	susceptible	susceptible	susceptible	resistant	susceptible	resistant	susceptible	susceptible	susceptible	susceptible	susceptible
06-01552	406-89	ST22-A2	2006	7	20	Germany	#FF6600FF	Bad Wildungen	51.1197	9.1245	IVh 	t032	PEN, OXA, ERY, CLI, CIP, MFL	mecA	ermC	blaZ-B	-	-	-	-	-	-	S80F	S84L	-	72bp deletion of ermC leader peptide, 60 bp upstream of ermC 	+	-	-	-	-	entC	-	frameshift	susceptible	resistant	resistant	susceptible	resistant	susceptible	susceptible	susceptible	resistant	resistant	susceptible	resistant	susceptible	susceptible	susceptible	susceptible	susceptible
06-01583	99629B-8465	ST22-A2	2006	7	20	Germany	#FF6600FF	Geesthacht	53.4303	10.3741	IVh 	t1612	PEN, OXA, ERY, CLI, CIP, FUS, MFL	mecA	ermC	blaZ-B	-	-	P406T	-	-	-	S80F	S84L	-	70bp deletion of ermC leader peptide, 62 bp upstream of ermC 	-	-	SCIN	sak	CHIPS	entC	-	frameshift	susceptible	resistant	resistant	susceptible	resistant	susceptible	susceptible	susceptible	resistant	resistant	susceptible	resistant	susceptible	susceptible	susceptible	susceptible	susceptible
06-01650	VA 310918	ST22-A2	2006	7	22	Germany	#FF6600FF	Leipzig	51.3397	12.3714	IVh 	t022	PEN, OXA, ERY, CLI, CIP, MFL	mecA	ermC	blaZ-B	-	-	-	-	-	-	S80F	S84L	-	72bp deletion of ermC leader peptide, 60 bp upstream of ermC 	+	-	SCIN	sak	CHIPS	entC	-	frameshift	susceptible	resistant	resistant	susceptible	resistant	susceptible	susceptible	susceptible	resistant	resistant	susceptible	resistant	susceptible	susceptible	susceptible	susceptible	susceptible
06-01686	54242	non-ST22-A	2006	8	17	Germany	#FF6600FF	München	48.1391	11.5802	V (5C2)	t476	PEN, OXA, CIP, MFL	mecA	-	blaZ-B	-	-	-	-	-	-	S80F	S84L	-	-	+	-	-	-	-	entC	-	-	susceptible	resistant	susceptible	susceptible	susceptible	susceptible	susceptible	susceptible	resistant	resistant	susceptible	resistant	susceptible	susceptible	susceptible	susceptible	susceptible
06-01900	88 636B 377-1	ST22-A2	2006	9	5	Germany	#FF6600FF	Eutin	54.1377	10.6159	IVh 	t032	PEN, OXA, ERY, CLI, CIP, MFL	mecA	ermC	blaZ-B	-	-	-	-	-	-	S80F	S84L	-	72bp deletion of ermC leader peptide, 60 bp upstream of ermC 	+	-	SCIN	sak	CHIPS	-	-	frameshift	susceptible	resistant	resistant	susceptible	resistant	susceptible	susceptible	susceptible	resistant	resistant	susceptible	resistant	susceptible	susceptible	susceptible	susceptible	susceptible
06-02400	-	ST22-A2	2006	10	18	Germany	#FF6600FF	Wangen	47.6856	9.8324	IVh 	t1214	PEN, OXA, ERY, CIP, MFL	mecA	ermC	blaZ-B	-	-	-	-	-	-	S80F	S84L	-	-	+	-	SCIN	sak	CHIPS	entC	-	frameshift	susceptible	resistant	susceptible	susceptible	resistant	susceptible	susceptible	susceptible	resistant	resistant	susceptible	resistant	susceptible	susceptible	susceptible	susceptible	susceptible
06-02459	88 642B 914	ST22-A2	2006	10	19	Germany	#FF6600FF	Eutin	54.1377	10.6159	IVh 	t025	PEN, OXA, ERY, CLI, CIP, MFL	mecA	ermC	blaZ-B	-	-	-	-	-	-	S80F	S84L	-	72bp deletion of ermC leader peptide, 60 bp upstream of ermC 	+	-	SCIN	sak	CHIPS	entC	-	frameshift	susceptible	resistant	resistant	susceptible	resistant	susceptible	susceptible	susceptible	resistant	resistant	susceptible	resistant	susceptible	susceptible	susceptible	susceptible	susceptible
06-02751	88-644B 73-2	ST22-A2	2006	10	30	Germany	#FF6600FF	Eutin	54.1377	10.6159	IVh 	t025	PEN, OXA, ERY, CLI, CIP, MFL	mecA	ermC	blaZ-B	-	-	-	-	-	-	S80F	S84L	-	72bp deletion of ermC leader peptide, 60 bp upstream of ermC 	+	-	SCIN	sak	CHIPS	entC	-	frameshift	susceptible	resistant	resistant	susceptible	resistant	susceptible	susceptible	susceptible	resistant	resistant	susceptible	resistant	susceptible	susceptible	susceptible	susceptible	susceptible
07_1361_K	-	ST22-A2	2006	12	8	UK	#FF0000FF	Ninewells, Dundee, Scotland	56.465	-3.04066	IVh 	t022	PEN, OXA, CIP, FUS, MFL	mecA	-	blaZ-B	-	-	P406T	-	-	-	S80F	S84L	-	-	+	-	SCIN	sak	CHIPS	entC	-	frameshift	susceptible	resistant	susceptible	susceptible	susceptible	susceptible	susceptible	susceptible	resistant	resistant	susceptible	resistant	susceptible	susceptible	susceptible	susceptible	susceptible
07_2384_Y	-	non-ST22-A	2007	2	8	UK	#FF0000FF	Western Isles, Stornoway, Scotland	58.2211111	-6.3833333	IV(J1-novel, J3-dcs, VI like)	t849	PEN, OXA, FUS	mecA	-	blaZ-B	-	fusC	-	-	-	-	-	-	-	-	+	-	SCIN	sak	CHIPS	entC	lukS/F	-	susceptible	susceptible	susceptible	susceptible	susceptible	resistant	susceptible	susceptible	resistant	susceptible	susceptible	resistant	susceptible	susceptible	susceptible	susceptible	susceptible
07_2789_T	-	ST22-A2	2007	3	4	UK	#FF0000FF	Royal Infirmary, Glasgow, Scotland 	55.8659	-4.23172	IVh 	t032	PEN, OXA, ERY, CIP, MFL	mecA	ermC	blaZ-B	-	-	-	-	-	-	S80F	S84L	-	-	+	-	SCIN	sak	CHIPS	entC	-	frameshift	susceptible	resistant	susceptible	susceptible	resistant	susceptible	susceptible	susceptible	resistant	resistant	susceptible	resistant	susceptible	susceptible	susceptible	susceptible	susceptible
07_3904_H	-	ST22-A2	2007	4	19	UK	#FF0000FF	Royal Infirmary, Edinburgh, Scotland	55.9208676	-3.1398209	IVh 	t032	PEN, OXA, ERY, CIP, MFL	mecA	ermC	blaZ-B	-	-	-	-	-	-	S80F	S84L	-	-	+	-	SCIN	sak	CHIPS	-	-	frameshift	susceptible	resistant	susceptible	susceptible	resistant	susceptible	susceptible	susceptible	resistant	resistant	susceptible	resistant	susceptible	susceptible	susceptible	resistant	susceptible
07_4584_S	-	ST22-A2	2007	5	18	UK	#FF0000FF	Crosshouse, Kilmarnock, Scotland	55.613866	-4.539521	IVh 	t717	PEN, OXA, ERY, CIP, MFL	mecA	ermC	blaZ-B	-	-	-	dfrA (deletion and IS257 inserion in thyA)	-	-	S80F	S84L	-	-	+	-	SCIN	sak	CHIPS	-	-	frameshift	susceptible	resistant	susceptible	susceptible	resistant	susceptible	susceptible	susceptible	resistant	resistant	susceptible	resistant	susceptible	susceptible	susceptible	resistant	susceptible
07_4871_Z	-	ST22-A2	2007	6	7	UK	#FF0000FF	Stirling Royal Infirmary, Scotland	56.10765	-3.936238	IVh 	t032	PEN, OXA, CIP, MFL	mecA	-	blaZ-B	-	-	-	-	-	-	S80F	S84L	-	-	+	-	SCIN	sak	CHIPS	-	-	frameshift	susceptible	resistant	susceptible	susceptible	susceptible	susceptible	susceptible	susceptible	resistant	resistant	susceptible	susceptible	susceptible	susceptible	susceptible	susceptible	susceptible
07_5739_N	-	non-ST22-A	2007	7	11	UK	#FF0000FF	Royal Hospital for Sick Children, Yorkhill, Glasgow, Scotland	55.8656274	-4.2572227	MSSA	t005	susceptible	-	-	blaZ-B	-	-	-	-	-	-	-	-	-	-	+	-	SCIN	sak	CHIPS	-	-	-	susceptible	susceptible	susceptible	susceptible	susceptible	susceptible	susceptible	susceptible	susceptible	susceptible	susceptible	resistant	susceptible	susceptible	susceptible	susceptible	susceptible
07_7290_F	-	ST22-A2	2007	8	29	UK	#FF0000FF	Western Isles, Stornoway, Scotland	58.2211111	-6.3833333	IVh 	t628	PEN, OXA, ERY, CIP, FUS, MUP, MFL	mecA	ermC	blaZ-B	-	-	H457Q	-	ileS-2	-	S80F	S84L	-	-	+	-	SCIN	sak	CHIPS	entC	-	frameshift	susceptible	resistant	susceptible	susceptible	resistant	resistant	susceptible	susceptible	resistant	resistant	resistant	resistant	susceptible	susceptible	susceptible	resistant	susceptible
07_7848_Y	-	ST22-A2	2007	9	17	UK	#FF0000FF	Western Infirmary, Glasgow, Scotland	55.8717465	-4.295581	IVh 	t032	PEN, OXA, GEN, ERY, CIP, FUS, MFL	mecA	ermC	blaZ-B	-	-	V90I	dfrA (11bp deletion in thyA)	-	aacA	S80F	S84L	-	-	+	-	SCIN	sak	CHIPS	entC	-	frameshift	susceptible	resistant	susceptible	susceptible	resistant	resistant	resistant	susceptible	resistant	resistant	susceptible	susceptible	susceptible	susceptible	resistant	resistant	susceptible
07_8254_N	-	ST22-A2	2007	10	28	UK	#FF0000FF	Raigmore, Inverness, Scotland	57.473602	-4.192894	IVh 	t032	PEN, OXA, ERY, CIP, MFL	mecA	ermC	blaZ-B	-	-	-	-	-	-	S80F	S84L	-	-	+	-	SCIN	sak	CHIPS	entC	-	frameshift	susceptible	resistant	susceptible	susceptible	resistant	susceptible	susceptible	susceptible	resistant	susceptible	susceptible	resistant	susceptible	susceptible	susceptible	resistant	susceptible
07_8522_H	-	ST22-A2	2007	11	10	UK	#FF0000FF	Borders General, Melrose, Scotland	55.597751	-2.744308	IVh 	t032	PEN, OXA, ERY, CIP, MFL	mecA	ermC	blaZ-B	-	-	-	-	-	-	S80F	S84L	-	-	+	-	SCIN	sak	CHIPS	entC	-	frameshift	susceptible	resistant	susceptible	susceptible	resistant	susceptible	susceptible	susceptible	resistant	resistant	susceptible	susceptible	susceptible	susceptible	susceptible	susceptible	susceptible
07_8898_Y	-	ST22-A2	2007	11	22	UK	#FF0000FF	Royal Infirmary, Aberdeen, Scotland	57.1549781	-2.1361221	IVh 	t965	PEN, OXA, CIP, MFL	mecA	-	blaZ-B	-	-	-	-	-	-	S80F	S84L	-	-	+	-	SCIN	sak	CHIPS	entC	-	frameshift	susceptible	resistant	susceptible	susceptible	susceptible	susceptible	susceptible	susceptible	resistant	resistant	susceptible	resistant	susceptible	susceptible	susceptible	resistant	susceptible
07-00058	31384	ST22-A2	2006	12	18	Germany	#FF6600FF	Zittau	50.8987	14.8093	IVh 	t032	PEN, OXA, ERY, CLI, CIP, MFL	mecA	ermC	blaZ-B	-	-	-	-	-	-	S80F	S84L	-	72bp deletion of ermC leader peptide, 60 bp upstream of ermC 	+	-	SCIN	sak	CHIPS	-	-	frameshift	susceptible	resistant	resistant	susceptible	resistant	susceptible	susceptible	susceptible	resistant	resistant	susceptible	resistant	susceptible	susceptible	susceptible	susceptible	susceptible
07-00059	31379	ST22-A2	2006	12	18	Germany	#FF6600FF	Zittau	50.8987	14.8093	IVh 	t032	PEN, OXA, ERY, CLI, CIP, MFL	mecA	ermC	blaZ-B	-	-	-	-	-	-	S80F	S84L	-	72bp deletion of ermC leader peptide, 60 bp upstream of ermC 	+	-	SCIN	sak	CHIPS	-	-	frameshift	susceptible	resistant	resistant	susceptible	resistant	susceptible	susceptible	susceptible	resistant	resistant	susceptible	resistant	susceptible	susceptible	susceptible	susceptible	susceptible
07-00060	31383	ST22-A2	2006	12	18	Germany	#FF6600FF	Zittau	50.8987	14.8093	IVh 	t032	PEN, OXA, ERY, CLI, CIP, MFL	mecA	ermC	blaZ-B	-	-	-	-	-	-	S80F	S84L	-	72bp deletion of ermC leader peptide, 60 bp upstream of ermC 	+	-	SCIN	sak	CHIPS	-	-	frameshift	susceptible	resistant	resistant	susceptible	resistant	susceptible	susceptible	susceptible	resistant	resistant	susceptible	resistant	susceptible	susceptible	susceptible	susceptible	susceptible
07-00061	30967	ST22-A2	2006	12	11	Germany	#FF6600FF	Zittau	50.8987	14.8093	IVh 	t032	PEN, OXA, ERY, CLI, CIP, MFL	mecA	ermC	blaZ-B	-	-	-	-	-	-	S80F	S84L	-	72bp deletion of ermC leader peptide, 60 bp upstream of ermC 	+	-	SCIN	sak	CHIPS	-	-	frameshift	susceptible	resistant	resistant	susceptible	resistant	susceptible	susceptible	susceptible	resistant	resistant	susceptible	resistant	susceptible	susceptible	susceptible	susceptible	susceptible
07-00062	14108	ST22-A2	2006	12	16	Germany	#FF6600FF	Zittau	50.8987	14.8093	IVh 	t032	PEN, OXA, ERY, CLI, CIP, MFL	mecA	ermC	blaZ-B	-	-	-	-	-	-	S80F	S84L	-	72bp deletion of ermC leader peptide, 60 bp upstream of ermC 	+	-	SCIN	sak	CHIPS	-	-	frameshift	susceptible	resistant	resistant	susceptible	resistant	susceptible	susceptible	susceptible	resistant	resistant	susceptible	resistant	susceptible	susceptible	susceptible	susceptible	susceptible
07-00063	31177	ST22-A2	2006	12	14	Germany	#FF6600FF	Zittau	50.8987	14.8093	IVh 	t032	PEN, OXA, ERY, CLI, CIP, MFL	mecA	ermC	blaZ-B	-	-	-	-	-	-	S80F	S84L	-	72bp deletion of ermC leader peptide, 60 bp upstream of ermC 	+	-	SCIN	sak	CHIPS	-	-	frameshift	susceptible	resistant	resistant	susceptible	resistant	susceptible	susceptible	susceptible	resistant	resistant	susceptible	resistant	susceptible	susceptible	susceptible	susceptible	susceptible
07-00064	14037	ST22-A2	2006	12	12	Germany	#FF6600FF	Zittau	50.8987	14.8093	IVh 	t032	PEN, OXA, ERY, CLI, CIP, MFL	mecA	ermC	blaZ-B	-	-	-	-	-	-	S80F	S84L	-	72bp deletion of ermC leader peptide, 60 bp upstream of ermC 	+	-	SCIN	sak	CHIPS	-	-	frameshift	susceptible	resistant	resistant	susceptible	resistant	susceptible	susceptible	susceptible	resistant	resistant	susceptible	resistant	susceptible	susceptible	susceptible	susceptible	susceptible
07-00309	88 703B 456-2	ST22-A2	2007	1	16	Germany	#FF6600FF	Lübeck	53.8696	10.6876	IVh 	t032	PEN, OXA, ERY, CLI, CIP, MFL	mecA	ermC	blaZ-B	-	-	-	-	-	-	S80F	S84L	-	7bp deletion 14bp upstream of ermC	+	-	SCIN	sak	CHIPS	entC	-	frameshift	susceptible	resistant	susceptible	susceptible	resistant	susceptible	susceptible	susceptible	resistant	resistant	susceptible	resistant	susceptible	susceptible	susceptible	susceptible	susceptible
07-00655	88 708B 307	ST22-A2	2007	2	19	Germany	#FF6600FF	Bad Malente	54.1669	10.5516	IVh 	t025	PEN, OXA, ERY, CLI, CIP, MFL	mecA	ermC	blaZ-B	-	-	-	-	-	-	S80F	S84L	-	72bp deletion of ermC leader peptide, 60 bp upstream of ermC 	+	-	SCIN	sak	CHIPS	entC	-	frameshift	susceptible	resistant	resistant	susceptible	resistant	susceptible	susceptible	susceptible	resistant	resistant	susceptible	resistant	susceptible	susceptible	susceptible	susceptible	susceptible
07-01319	88 716B 29-1	ST22-A2	2007	4	16	Germany	#FF6600FF	Lübeck	53.8696	10.6876	IVh 	t025	PEN, OXA, ERY, CLI, CIP, MFL	mecA	ermC	blaZ-B	-	-	-	-	-	-	S80F	S84L	-	72bp deletion of ermC leader peptide, 60 bp upstream of ermC 	+	-	SCIN	sak	CHIPS	entC	-	frameshift	susceptible	resistant	resistant	susceptible	resistant	susceptible	susceptible	susceptible	resistant	resistant	susceptible	resistant	susceptible	susceptible	susceptible	susceptible	susceptible
07-01492	AB 7213-311	non-ST22-A	2007	5	23	Germany	#FF6600FF	Augsburg	48.3655	10.8948	VI (not ccrB4 and ccrA4, but ccrB2 and ccrA2)	t310	PEN, OXA, FUS	mecA	-	blaZ-B	-	fusC	-	-	-	-	-	-	-	-	unknown	-	SCIN	sak	CHIPS	-	lukS/F	-	susceptible	susceptible	susceptible	susceptible	susceptible	resistant	susceptible	susceptible	resistant	susceptible	susceptible	resistant	susceptible	susceptible	susceptible	susceptible	susceptible
07-01497	2451456	ST22-A2	2007	5	23	Germany	#FF6600FF	Göttingen	51.5326	9.9284	IVh 	t032	PEN, OXA, ERY, CLI, CIP, MFL	mecA	ermC	blaZ-B	-	-	-	-	-	-	S80F	S84L	-	72bp deletion of ermC leader peptide, 60 bp upstream of ermC 	+	-	SCIN	sak	CHIPS	-	-	frameshift	susceptible	resistant	resistant	susceptible	resistant	susceptible	susceptible	susceptible	resistant	resistant	susceptible	resistant	susceptible	susceptible	susceptible	susceptible	susceptible
07-01744	28 IDA	ST22-A2	2002			Nigeria	#FFCC00FF	Ibadan	7.3964	3.9167	IVh 	t432	PEN, OXA, ERY, TET, CIP, MFL	mecA	ermC	blaZ-B	tetK	-	-	-	-	-	S80F	S84L	-	-	unknown	-	-	-	-	entC	-	frameshift	susceptible	resistant	susceptible	susceptible	resistant	susceptible	susceptible	susceptible	resistant	resistant	susceptible	resistant	susceptible	resistant	susceptible	susceptible	susceptible
07-01932	TP6	non-ST22-A	2007	12	7	Sudan	#CCFF00FF	Khartum	15.5501	32.5322	MSSA	t223	PEN, TET	-	-	blaZ-B	tetK	-	-	-	-	-	-	-	-	-	unknown	tsst	-	-	-	-	-	-	susceptible	susceptible	susceptible	susceptible	susceptible	susceptible	susceptible	susceptible	susceptible	susceptible	susceptible	resistant	susceptible	resistant	susceptible	susceptible	susceptible
07-02088	GB HC11 0425	ST22-A2	2007	7	11	Germany	#FF6600FF	Heiligenstadt	46.6352	14.8649	IVh 	t025	PEN, OXA, ERY, CLI, CIP, MFL	mecA	ermC	blaZ-B	-	-	-	-	-	-	S80F	S84L	-	72bp deletion of ermC leader peptide, 60 bp upstream of ermC 	+	-	SCIN	sak	CHIPS	entC	-	frameshift	susceptible	resistant	resistant	susceptible	resistant	susceptible	susceptible	susceptible	resistant	resistant	susceptible	resistant	susceptible	susceptible	susceptible	susceptible	susceptible
07-02159	2007-06744	non-ST22-A	2007	7	21	Germany	#FF6600FF	München	48.1391	11.5802	IVc (Tn4001)	t005	PEN, OXA, GEN, ERY, SXT	mecA	ermC	blaZ-B	-	-	-	dfrA	-	aacA	-	-	-	-	unknown	-	SCIN	sak	CHIPS	-	lukS/F	-	resistant	susceptible	susceptible	susceptible	resistant	susceptible	resistant	susceptible	resistant	susceptible	susceptible	resistant	susceptible	susceptible	resistant	resistant	susceptible
07-02389	734580121	non-ST22-A	2007	8	23	Germany	#FF6600FF	Mönchengladbach	51.1913	6.4421	MSSA	t005	susceptible	-	-	-	-	-	-	-	-	-	-	-	-	-	+	-	SCIN	sak	CHIPS	-	-	-	susceptible	susceptible	susceptible	susceptible	susceptible	susceptible	susceptible	susceptible	susceptible	susceptible	susceptible	susceptible	susceptible	susceptible	susceptible	susceptible	susceptible
07-02477	MR 7710	ST22-A2	2007	8	18	Germany	#FF6600FF	Berlin	52.5234	13.4114	IVh 	t032	PEN, OXA, LIN, ERY, CLI, CIP, MFL	mecA	ermC	blaZ-B	-	-	-	-	-	-	S80F	S84L	DS145	72bp deletion of ermC leader peptide, 60 bp upstream of ermC 	+	-	SCIN	sak	CHIPS	entC	-	frameshift	susceptible	resistant	resistant	susceptible	resistant	susceptible	susceptible	susceptible	resistant	resistant	susceptible	resistant	susceptible	susceptible	susceptible	susceptible	susceptible
07-02789	239990	ST22-A2	2007	9	22	Germany	#FF6600FF	Göttingen	51.5326	9.9284	IVh 	t025	PEN, OXA, ERY, CLI, CIP, MFL	mecA	ermC	blaZ-B	-	-	-	-	-	-	S80F	S84L	-	72bp deletion of ermC leader peptide, 60 bp upstream of ermC 	+	-	SCIN	sak	CHIPS	entC	-	frameshift	susceptible	resistant	resistant	susceptible	resistant	susceptible	susceptible	susceptible	resistant	resistant	susceptible	resistant	susceptible	susceptible	susceptible	susceptible	susceptible
07-02901	AB 7425-343	non-ST22-A	2007	10	19	Germany	#FF6600FF	Augsburg	48.3655	10.8948	VI (not ccrB4 and ccrA4, but ccrB2 and ccrA2)	t310	PEN, OXA, FUS	mecA	-	blaZ-B	-	fusC	-	-	-	-	-	-	-	-	-	-	SCIN	sak	CHIPS	-	lukS/F	-	susceptible	susceptible	susceptible	susceptible	susceptible	resistant	susceptible	susceptible	resistant	susceptible	susceptible	resistant	susceptible	susceptible	susceptible	susceptible	susceptible
07-02986	CRGH 13	ST22-A2	2006	9	8	Australia	#66FF00FF	Sydney	-33.86	151.2111	IVh 	t032	PEN, OXA, ERY, CIP, MFL	mecA	ermC	blaZ-B	-	-	-	-	-	-	S80F	S84L	-	-	unknown	-	SCIN	sak	CHIPS	-	-	frameshift	susceptible	resistant	susceptible	susceptible	resistant	susceptible	susceptible	susceptible	resistant	resistant	susceptible	resistant	susceptible	susceptible	susceptible	susceptible	susceptible
07-02987	RPH 30	ST22-A2	2006	7	27	Australia	#66FF00FF	Perth	-31.9522	115.8589	IVh 	t1963	PEN, OXA, ERY, CIP, MFL	mecA	ermC	blaZ-B	-	-	-	-	-	-	S80F	S84L	-	-	unknown	-	SCIN	sak	CHIPS	entC	-	frameshift	susceptible	resistant	susceptible	susceptible	resistant	susceptible	susceptible	susceptible	resistant	resistant	susceptible	resistant	susceptible	susceptible	susceptible	susceptible	susceptible
07-02988	PC 7	ST22-A2	2006	7	5	Australia	#66FF00FF	Perth	-31.9522	115.8589	IVh 	t032	PEN, OXA, CIP, MFL	mecA	-	blaZ-B	-	-	-	-	-	-	S80F	S84L	-	-	unknown	-	SCIN	sak	CHIPS	entC	-	frameshift	susceptible	resistant	susceptible	susceptible	susceptible	susceptible	susceptible	susceptible	resistant	resistant	susceptible	resistant	susceptible	susceptible	susceptible	susceptible	susceptible
07-02989	PAH 32	ST22-A2	2006	7	21	Australia	#66FF00FF	Brisbane	-27.4709	153.0235	IVh 	t032	PEN, OXA, ERY, CIP, MFL	mecA	ermC	blaZ-B	-	-	-	-	-	-	S80F	S84L	-	-	unknown	-	-	-	-	entC	-	frameshift	susceptible	resistant	susceptible	susceptible	resistant	susceptible	susceptible	susceptible	resistant	resistant	susceptible	resistant	susceptible	susceptible	susceptible	susceptible	susceptible
07-02990	SNP 30	ST22-A2	2006	11	6	Australia	#66FF00FF	Brisbane	-27.4709	153.0235	IVh 	t032	PEN, OXA, CIP, MFL	mecA	-	blaZ-B	-	-	-	-	-	-	S80F	S84L	-	-	unknown	-	SCIN	sak	CHIPS	-	-	frameshift	susceptible	resistant	susceptible	susceptible	susceptible	susceptible	susceptible	susceptible	resistant	resistant	susceptible	resistant	susceptible	susceptible	susceptible	susceptible	susceptible
07-02992	NH 19	ST22-A2	2006	7	21	Australia	#66FF00FF	Sydney	-33.86	151.2111	IVh 	t032	PEN, OXA, CIP, MFL	mecA	-	blaZ-B	-	-	-	-	-	-	S80F	S84L	-	-	unknown	-	SCIN	sak	CHIPS	-	-	frameshift	susceptible	resistant	susceptible	susceptible	susceptible	susceptible	susceptible	susceptible	resistant	resistant	susceptible	resistant	susceptible	susceptible	susceptible	susceptible	susceptible
07-02994	WH 30	ST22-A2	2006	7	20	Australia	#66FF00FF	Sydney	-33.86	151.2111	IVh 	t032	PEN, OXA, CIP, MFL	mecA	-	blaZ-B	-	-	-	-	-	-	S80F	S84L	-	-	unknown	-	SCIN	sak	CHIPS	-	-	frameshift	susceptible	resistant	susceptible	susceptible	susceptible	susceptible	susceptible	susceptible	resistant	resistant	susceptible	resistant	susceptible	susceptible	susceptible	susceptible	susceptible
07-02995	AUH 93	ST22-A2	2006	9	2	Australia	#66FF00FF	Melbourne	-37.8132	144.963	IVh 	t032	PEN, OXA, ERY, CIP, MFL	mecA	ermC	blaZ-B	-	-	-	-	-	-	S80F	S84L	-	-	unknown	-	SCIN	sak	CHIPS	entC	-	frameshift	susceptible	resistant	susceptible	susceptible	resistant	susceptible	susceptible	susceptible	resistant	resistant	susceptible	resistant	susceptible	susceptible	susceptible	susceptible	susceptible
07-02996	MMC 27	ST22-A2	2006	7	12	Australia	#66FF00FF	Melbourne	-37.8132	144.963	IVh 	t3211	PEN, OXA, ERY, CIP, MFL	mecA	ermC	blaZ-B	-	-	-	-	-	-	S80F	S84L	-	-	unknown	-	SCIN	sak	CHIPS	entC	-	frameshift	susceptible	resistant	susceptible	susceptible	resistant	susceptible	susceptible	susceptible	resistant	resistant	susceptible	resistant	susceptible	susceptible	susceptible	susceptible	susceptible
07-02997	SJG 35	ST22-A2	2006	7	10	Australia	#66FF00FF	Perth	-31.9522	115.8589	IVh 	t3212	PEN, OXA, ERY, CIP, MFL	mecA	ermC	blaZ-B	-	-	-	-	-	-	S80F	S84L	-	-	unknown	-	SCIN	sak	CHIPS	entC	-	frameshift	susceptible	resistant	susceptible	susceptible	resistant	susceptible	susceptible	susceptible	resistant	resistant	susceptible	resistant	susceptible	susceptible	susceptible	susceptible	susceptible
07-03135	7H11 7003	non-ST22-A	2007	10	8	Germany	#FF6600FF	Hannover	52.3721	9.7357	MSSA	t005	PEN	-	-	blaZ-B	-	-	-	-	-	-	-	-	-	-	-	-	SCIN	sak	CHIPS	-	lukS/F	-	susceptible	susceptible	susceptible	susceptible	susceptible	susceptible	susceptible	susceptible	susceptible	susceptible	susceptible	resistant	susceptible	susceptible	susceptible	susceptible	susceptible
07-03168	97-111855	non-ST22-A	2007	10	25	Germany	#FF6600FF	Heidelberg	49.4019	8.6803	MSSA	t3243	susceptible	-	-	-	-	-	-	-	-	-	-	-	-	-	-	tsst	SCIN	sak	CHIPS	-	-	-	susceptible	susceptible	susceptible	susceptible	susceptible	susceptible	susceptible	susceptible	susceptible	susceptible	susceptible	susceptible	susceptible	susceptible	susceptible	susceptible	susceptible
07-03339	4830	ST22-A2	2006	11	12	Czech Republic	#00FF00FF	Brno	49.191	16.6115	IVh 	t032	PEN, OXA, ERY, CLI, CIP, MFL	mecA	ermC	blaZ-B	-	-	-	-	-	-	S80F	S84L	-	Transposase insertion 83bp upstream of ermC, within ermC leader peptide	+	-	SCIN	sak	CHIPS	-	-	frameshift	susceptible	resistant	resistant	susceptible	resistant	susceptible	susceptible	susceptible	resistant	resistant	susceptible	resistant	susceptible	susceptible	susceptible	susceptible	susceptible
07-03340	151	ST22-A2	2006	12	14	Czech Republic	#00FF00FF	Nový Jičín	49.5954	18.0101	IVh 	t032	PEN, OXA, ERY, CIP, MFL	mecA	ermC	blaZ-B	-	-	-	-	-	-	S80F	S84L	-	-	+	-	SCIN	sak	CHIPS	-	-	frameshift	susceptible	resistant	susceptible	susceptible	resistant	susceptible	susceptible	susceptible	resistant	resistant	susceptible	susceptible	susceptible	susceptible	susceptible	susceptible	susceptible
07-03341	231	ST22-A2	2007	1	19	Czech Republic	#00FF00FF	Náchod	50.4165	16.1631	IVh 	t032	PEN, OXA, CIP, MFL	mecA	-	blaZ-B	-	-	-	-	-	-	S80F	S84L	-	-	+	-	SCIN	sak	CHIPS	-	-	frameshift	susceptible	resistant	susceptible	susceptible	susceptible	susceptible	susceptible	susceptible	resistant	resistant	susceptible	resistant	susceptible	susceptible	susceptible	susceptible	susceptible
07-03345	4667	ST22-A2	2005	9	19	Czech Republic	#00FF00FF	Brno	49.191	16.6115	IVh 	t032	PEN, OXA, ERY, CLI, CIP, MFL	mecA	ermC	blaZ-B	-	-	-	-	-	-	S80F	S84L	-	Transposase insertion 83bp upstream of ermC, within ermC leader peptide	+	-	SCIN	sak	CHIPS	-	-	frameshift	susceptible	resistant	resistant	susceptible	resistant	susceptible	susceptible	susceptible	resistant	resistant	susceptible	resistant	susceptible	susceptible	susceptible	susceptible	susceptible
07-03346	5271	ST22-A2	2005	10	9	Czech Republic	#00FF00FF	Nový Jičín	49.5954	18.0101	IVh 	t032	PEN, OXA, CIP, MFL	mecA	-	blaZ-B	-	-	-	-	-	-	S80F	S84L	-	-	+	-	SCIN	sak	CHIPS	-	-	frameshift	susceptible	resistant	susceptible	susceptible	susceptible	susceptible	susceptible	susceptible	resistant	resistant	susceptible	resistant	susceptible	susceptible	susceptible	susceptible	susceptible
07-03347	4109	non-ST22-A	2006	9	3	Czech Republic	#00FF00FF	Brno	49.191	16.6115	MSSA	t005	susceptible	-	-	-	-	-	-	-	-	-	-	-	-	-	-	-	SCIN	sak	CHIPS	-	-	-	susceptible	susceptible	susceptible	susceptible	susceptible	susceptible	susceptible	susceptible	susceptible	susceptible	susceptible	susceptible	susceptible	susceptible	susceptible	susceptible	susceptible
07-03348-1	DK 42587	ST22-A2	2004	9	1	Denmark	#00FF66FF	Vejle	55.7087	9.5347	IV/V (J1 IVh, J3 V 5C2&5, ccrAB)	t022	PEN, OXA, CIP, MFL	mecA	-	blaZ-B	-	-	-	-	-	-	S80F	S84L	-	-	+	-	-	-	-	entC	-	frameshift	susceptible	resistant	susceptible	susceptible	susceptible	susceptible	susceptible	susceptible	resistant	resistant	susceptible	resistant	susceptible	susceptible	susceptible	susceptible	susceptible
07-03349	DK 44512	ST22-A2	2005	2	17	Denmark	#00FF66FF	Korsør 	55.3258	11.1494	IVh 	t032	PEN, OXA, ERY, CIP, MFL	mecA	ermC	blaZ-B	-	-	-	-	-	-	S80F	S84L	-	-	+	-	SCIN	sak	CHIPS	entC	-	frameshift	susceptible	resistant	susceptible	susceptible	resistant	susceptible	susceptible	susceptible	resistant	resistant	susceptible	resistant	susceptible	susceptible	susceptible	susceptible	susceptible
07-03350	DK 45002	ST22-A2	2005	4	8	Denmark	#00FF66FF	Kolding	55.496	9.4731	IV/V (J1 IVh, J3 V 5C2&5, ccrAB)	t022	PEN, OXA, CIP, MFL	mecA	-	blaZ-B	-	-	-	-	-	-	S80F	S84L	-	-	+	-	SCIN	sak	CHIPS	entC	-	frameshift	susceptible	resistant	susceptible	susceptible	susceptible	susceptible	susceptible	susceptible	resistant	resistant	susceptible	resistant	susceptible	susceptible	susceptible	susceptible	susceptible
07-03351	DK 45135	ST22-A2	2005	4	16	Denmark	#00FF66FF	Frederecia	55.5703	9.7466	IV/V (J1 IVh, J3 V 5C2&5, ccrAB)	t022	PEN, OXA, CIP, MFL	mecA	-	blaZ-B	-	-	-	-	-	-	S80F	S84L	-	-	+	-	SCIN	sak	CHIPS	entC	-	frameshift	susceptible	resistant	susceptible	resistant	susceptible	susceptible	susceptible	susceptible	resistant	resistant	susceptible	resistant	susceptible	susceptible	susceptible	susceptible	susceptible
07-03353	DK 50110	ST22-A2	2006	1	12	Denmark	#00FF66FF	Kalundborg	55.6864	11.0892	IVh 	t032	PEN, OXA, ERY, CIP, MFL	mecA	ermC	blaZ-B	-	-	-	-	-	-	S80F	S84L	-	-	+	-	SCIN	sak	CHIPS	entC	-	frameshift	susceptible	resistant	susceptible	susceptible	resistant	susceptible	susceptible	susceptible	resistant	resistant	susceptible	resistant	susceptible	susceptible	susceptible	susceptible	susceptible
07-03354-2	DK 51686	non-ST22-A	2006	5	17	Denmark	#00FF66FF	Hvidovre	55.6425	12.4754	IVc 	t005	PEN, OXA	mecA	-	blaZ-B	-	-	-	-	-	-	-	-	-	-	-	-	SCIN	sak	CHIPS	-	-	-	resistant	susceptible	susceptible	susceptible	susceptible	susceptible	susceptible	susceptible	resistant	susceptible	susceptible	resistant	susceptible	susceptible	resistant	susceptible	susceptible
07-03356	DK 56412	non-ST22-A	2007	5	24	Denmark	#00FF66FF	Copenhagen	55.6934	12.583	MSSA	t005	PEN	-	-	blaZ-B	-	-	-	-	-	-	-	-	-	-	-	-	SCIN	sak	CHIPS	-	-	-	susceptible	susceptible	susceptible	susceptible	susceptible	susceptible	susceptible	susceptible	susceptible	susceptible	susceptible	resistant	susceptible	susceptible	susceptible	susceptible	susceptible
08_3163_B	-	ST22-A2	2008	3	24	UK	#FF0000FF	Crosshouse, Kilmarnock, Scotland	55.613866	-4.539521	IVh 	t032	PEN, OXA, ERY, CIP, FUS, MFL	mecA	ermC	blaZ-B	-	-	E444K	-	-	-	S80F	S84L	-	-	+	-	SCIN	sak	CHIPS	entC	-	frameshift	susceptible	resistant	susceptible	susceptible	resistant	resistant	susceptible	susceptible	resistant	resistant	susceptible	resistant	susceptible	susceptible	susceptible	resistant	susceptible
08_5828_K	-	non-ST22-A	2008	7	29	UK	#FF0000FF	Golden Jubilee National Hospital, Clydebank, Scotland	55.9081141	-4.4036392	IVc (Tn4001)	t852	PEN, OXA, GEN, ERY, CIP, MFL	mecA	ermC	blaZ-B	-	-	-	dfrA (61bp deletion in thyA)	-	aacA	S80F	S84L	-	-	+	-	SCIN	sak	CHIPS	-	lukS/F	-	resistant	resistant	susceptible	susceptible	resistant	susceptible	resistant	susceptible	resistant	resistant	susceptible	resistant	susceptible	susceptible	resistant	resistant	susceptible
08-00602	B3-123	ST22-A2	2008	2	28	Germany	#FF6600FF	Bad Wildungen	51.1197	9.1245	IVh 	t025	PEN, OXA, ERY, CLI, CIP, MFL	mecA	ermC	blaZ-B	-	-	-	-	-	-	S80F	S84L	-	72bp deletion of ermC leader peptide, 60 bp upstream of ermC 	+	-	SCIN	sak	CHIPS	entC	-	frameshift	susceptible	resistant	resistant	susceptible	resistant	susceptible	susceptible	susceptible	resistant	resistant	susceptible	resistant	susceptible	susceptible	susceptible	susceptible	susceptible
08-01304	AF:913756 VA 4496	ST22-A2	2008	3	27	Germany	#FF6600FF	Oldenburg	53.1367	8.2165	IVh 	t025	PEN, OXA, ERY, CLI, CIP, MFL	mecA	ermC	blaZ-B	-	-	-	-	-	-	S80F	S84L	-	72bp deletion of ermC leader peptide, 60 bp upstream of ermC 	+	-	SCIN	sak	CHIPS	-	-	frameshift	susceptible	resistant	resistant	susceptible	resistant	susceptible	susceptible	susceptible	resistant	resistant	susceptible	resistant	susceptible	susceptible	susceptible	susceptible	susceptible
08-01480	HDE461	ST22-A2	2006	8		Portugal	#00FFCCFF	Lisbon	38.7071	-9.1355	IVh 	t022	PEN, OXA, ERY, CIP, MFL	mecA	ermC	blaZ-B	-	-	-	-	-	-	S80F	S84L	-	-	+	-	SCIN	sak	CHIPS	entC	-	frameshift	susceptible	resistant	susceptible	susceptible	resistant	susceptible	susceptible	susceptible	resistant	resistant	susceptible	susceptible	susceptible	susceptible	susceptible	susceptible	susceptible
08-01481-1	HPH22	ST22-A2	2006	7		Portugal	#00FFCCFF	Matosinhos	41.183	-8.6798	IVh 	t032	PEN, OXA, ERY, CIP, MFL	mecA	ermC	blaZ-B	-	-	-	-	-	-	S80F	S84L	-	-	+	-	-	-	-	entC	-	frameshift	susceptible	resistant	susceptible	susceptible	resistant	susceptible	susceptible	susceptible	resistant	resistant	susceptible	resistant	susceptible	susceptible	susceptible	susceptible	susceptible
08-01482	HSMB7	ST22-A2	2006	6		Portugal	#00FFCCFF	Braga	41.5518	-8.4229	IVh 	t032	PEN, OXA, ERY, CIP, MFL	mecA	ermC	blaZ-B	-	-	-	-	-	-	S80F	S84L	-	-	+	-	SCIN	sak	CHIPS	entC	-	frameshift	susceptible	resistant	susceptible	susceptible	resistant	susceptible	susceptible	susceptible	resistant	resistant	susceptible	resistant	susceptible	susceptible	susceptible	susceptible	susceptible
08-01483	HSMB10	ST22-A2	2006	6		Portugal	#00FFCCFF	Braga	41.5518	-8.4229	IVh 	t032	PEN, OXA, ERY, CIP, MFL	mecA	ermC	blaZ-B	-	-	-	-	-	-	S80F	S84L	-	-	+	-	SCIN	sak	CHIPS	entC	-	frameshift	susceptible	resistant	susceptible	susceptible	resistant	susceptible	susceptible	susceptible	resistant	resistant	susceptible	resistant	susceptible	susceptible	susceptible	susceptible	susceptible
08-01484	HSMB138	ST22-A2	2006	11		Portugal	#00FFCCFF	Braga	41.5518	-8.4229	IVh 	t032	PEN, OXA, ERY, CIP, MFL	mecA	ermC	blaZ-B	-	-	-	-	-	-	S80F	S84L	-	-	+	-	SCIN	sak	CHIPS	entC	-	frameshift	susceptible	resistant	susceptible	susceptible	resistant	susceptible	susceptible	susceptible	resistant	resistant	susceptible	resistant	susceptible	susceptible	susceptible	susceptible	susceptible
08-01485	HUC357	ST22-A2	2006	6		Portugal	#00FFCCFF	Coimbra	40.2115	-8.4292	IVh 	t747	PEN, OXA, ERY, CIP, MFL	mecA	ermC	blaZ-B	-	-	-	-	-	-	S80F	S84L	-	-	+	-	SCIN	sak	CHIPS	entC	-	frameshift	susceptible	resistant	susceptible	susceptible	resistant	susceptible	susceptible	susceptible	resistant	resistant	susceptible	resistant	susceptible	susceptible	susceptible	susceptible	susceptible
08-01486	HUC377	ST22-A2	2006	6		Portugal	#00FFCCFF	Coimbra	40.2115	-8.4292	IVh 	t032	PEN, OXA, ERY, CIP, MFL	mecA	ermC	blaZ-B	-	-	-	-	-	-	S80F	S84L	-	-	+	-	SCIN	sak	CHIPS	entC	-	frameshift	susceptible	resistant	susceptible	susceptible	resistant	susceptible	susceptible	susceptible	resistant	resistant	susceptible	resistant	susceptible	susceptible	susceptible	susceptible	susceptible
08-01488	IPO483	ST22-A2	2006	9		Portugal	#00FFCCFF	Lisbon	38.7071	-9.1355	IVh 	t032	PEN, OXA, ERY, CIP, MFL	mecA	ermC	blaZ-B	-	-	-	-	-	-	S80F	S84L	-	-	+	-	SCIN	sak	CHIPS	-	-	frameshift	susceptible	resistant	susceptible	susceptible	resistant	susceptible	susceptible	susceptible	resistant	resistant	susceptible	resistant	susceptible	susceptible	susceptible	susceptible	susceptible
08-01489	HU303	ST22-A2	2003			Hungary	#00CCFFFF	Csongrád	46.7108	20.1446	IVh 	t032	PEN, OXA, CIP, MFL	mecA	-	blaZ-B	-	-	-	-	-	-	S80F	S84L	-	-	+	-	-	-	-	-	-	frameshift	susceptible	resistant	susceptible	susceptible	susceptible	susceptible	susceptible	susceptible	resistant	resistant	susceptible	resistant	susceptible	susceptible	susceptible	susceptible	susceptible
08-01490	R721	non-ST22-A	1997			Portugal	#00FFCCFF	Oporto	41.15	-8.6102	MSSA	t790	PEN, ERY, CLI	-	ermC	blaZ-B	-	-	-	-	-	-	-	-	-	66bp deletion	+	-	SCIN	sak	CHIPS	entC	-	-	susceptible	susceptible	resistant	susceptible	resistant	susceptible	susceptible	susceptible	susceptible	susceptible	susceptible	resistant	susceptible	susceptible	susceptible	susceptible	susceptible
08-01491	IPOP2	ST22-A2	1997		1	Portugal	#00FFCCFF	Porto	41.15	-8.6102	IVh 	t032	PEN, OXA, ERY, CIP, MFL	mecA	ermC	blaZ-B	-	-	-	-	-	-	S80F	S84L	-	-	+	-	SCIN	sak	CHIPS	entC	-	frameshift	susceptible	resistant	susceptible	susceptible	resistant	susceptible	susceptible	susceptible	resistant	resistant	susceptible	resistant	susceptible	susceptible	susceptible	susceptible	susceptible
08-01492	HGSA282	non-ST22-A	2003	6		Portugal	#00FFCCFF	Porto	41.15	-8.6102	MSSA	t852	PEN	-	-	blaZ-B	-	-	-	-	-	-	-	-	-	-	+	-	SCIN	sak	CHIPS	-	-	-	susceptible	susceptible	susceptible	susceptible	susceptible	susceptible	susceptible	susceptible	susceptible	susceptible	susceptible	resistant	susceptible	susceptible	susceptible	susceptible	susceptible
08-01530	500561	ST22-A2	2008	6	19	Germany	#FF6600FF	Bad Mergentheim	49.4902	9.7732	IVh 	t025	PEN, OXA, CIP, MFL	mecA	-	blaZ-B	-	-	-	-	-	-	S80F	S84L	-	-	+	-	SCIN	sak	CHIPS	-	-	frameshift	susceptible	resistant	susceptible	susceptible	susceptible	susceptible	susceptible	susceptible	resistant	resistant	susceptible	resistant	susceptible	susceptible	susceptible	susceptible	susceptible
08-01666	045-95733	ST22-A2	2008	6	10	Germany	#FF6600FF	Cottbus 	51.7607	14.3274	IVh 	t1214	PEN, OXA, ERY, CLI, CIP, MFL	mecA	ermC	blaZ-B	-	-	-	-	-	-	S80F	S84L	-	72bp deletion of ermC leader peptide, 60 bp upstream of ermC 	+	-	SCIN	sak	CHIPS	-	-	frameshift	susceptible	resistant	resistant	susceptible	resistant	susceptible	susceptible	susceptible	resistant	resistant	susceptible	resistant	susceptible	susceptible	susceptible	susceptible	susceptible
08-01667	045-95519	ST22-A2	2008	6	4	Germany	#FF6600FF	Cottbus 	51.7607	14.3274	IVh 	t1214	PEN, OXA, ERY, CLI, CIP, MFL	mecA	ermC	blaZ-B	-	-	-	-	-	-	S80F	S84L	-	72bp deletion of ermC leader peptide, 60 bp upstream of ermC 	+	-	SCIN	sak	CHIPS	-	-	frameshift	susceptible	resistant	resistant	susceptible	resistant	susceptible	susceptible	susceptible	resistant	resistant	susceptible	resistant	susceptible	susceptible	susceptible	susceptible	susceptible
08-01668	045-94805	ST22-A2	2008	5	17	Germany	#FF6600FF	Cottbus 	51.7607	14.3274	IVh 	t032	PEN, OXA, CIP, MFL	mecA	-	blaZ-B	-	-	-	-	-	-	S80F	S84L	-	-	+	-	SCIN	sak	CHIPS	entC	-	frameshift	susceptible	resistant	susceptible	susceptible	susceptible	susceptible	susceptible	susceptible	resistant	resistant	susceptible	resistant	susceptible	susceptible	susceptible	susceptible	susceptible
08-01669	045-92481	ST22-A2	2008	3	18	Germany	#FF6600FF	Cottbus 	51.7607	14.3274	IVh 	t1625	PEN, OXA, CIP, MFL	mecA	-	blaZ-B	-	-	-	-	-	-	S80F	S84L	-	-	+	-	SCIN	sak	CHIPS	entC	-	frameshift	susceptible	resistant	susceptible	susceptible	susceptible	susceptible	susceptible	susceptible	resistant	resistant	susceptible	resistant	susceptible	susceptible	susceptible	susceptible	susceptible
08-01670	045-94062	ST22-A2	2008	4	28	Germany	#FF6600FF	Cottbus 	51.7607	14.3274	IVh 	t032	PEN, OXA, ERY, CLI, CIP, MFL	mecA	ermC	blaZ-B	-	-	-	-	-	-	S80F	S84L	-	72bp deletion of ermC leader peptide, 60 bp upstream of ermC 	+	-	SCIN	sak	CHIPS	-	-	frameshift	susceptible	resistant	resistant	susceptible	resistant	susceptible	susceptible	susceptible	resistant	resistant	susceptible	resistant	susceptible	susceptible	susceptible	susceptible	susceptible
08-01671	045-90820	ST22-A2	2008	2	7	Germany	#FF6600FF	Cottbus 	51.7607	14.3274	IVh 	t032	PEN, OXA, CIP, MFL	mecA	-	blaZ-B	-	-	-	-	-	-	S80F	S84L	-	-	+	-	SCIN	sak	CHIPS	entC	-	frameshift	susceptible	resistant	susceptible	susceptible	susceptible	susceptible	susceptible	susceptible	resistant	resistant	susceptible	resistant	susceptible	susceptible	susceptible	susceptible	susceptible
08-01672	045-93458	ST22-A2	2008	4	11	Germany	#FF6600FF	Cottbus 	51.7607	14.3274	IVh 	t032	PEN, OXA, CIP, MFL	mecA	-	blaZ-B	-	-	-	-	-	-	S80F	S84L	-	-	+	-	SCIN	sak	CHIPS	entC	-	frameshift	susceptible	resistant	susceptible	susceptible	susceptible	susceptible	susceptible	susceptible	resistant	resistant	susceptible	susceptible	susceptible	susceptible	susceptible	susceptible	susceptible
08-01673	045-85842	ST22-A2	2007	9	18	Germany	#FF6600FF	Cottbus 	51.7607	14.3274	IVh 	t531	PEN, OXA, CIP, MFL	mecA	-	blaZ-B	-	-	-	-	-	-	S80F	S84L	-	-	+	-	SCIN	sak	CHIPS	entC	-	frameshift	susceptible	resistant	susceptible	susceptible	susceptible	susceptible	susceptible	susceptible	resistant	resistant	susceptible	susceptible	susceptible	susceptible	susceptible	susceptible	susceptible
08-01674	045-85502	ST22-A2	2007	9	11	Germany	#FF6600FF	Cottbus 	51.7607	14.3274	IVh 	t432	PEN, OXA, ERY, CLI, CIP, MFL	mecA	ermC	blaZ-B	-	-	-	-	-	-	S80F	S84L	-	72bp deletion of ermC leader peptide, 60 bp upstream of ermC 	+	-	SCIN	sak	CHIPS	entC	-	frameshift	susceptible	resistant	resistant	susceptible	resistant	susceptible	susceptible	susceptible	resistant	resistant	susceptible	susceptible	susceptible	susceptible	susceptible	susceptible	susceptible
09-00678	109	non-ST22-A	2009	2		Namibia	#0066FFFF	Windhoek	-22.5589	17.0824	MSSA	t891	PEN, GEN	-	-	blaZ-B	-	-	-	dfrA	-	aacA	-	-	-	-	unknown	-	SCIN	sak	CHIPS	-	lukS/F	-	susceptible	susceptible	susceptible	susceptible	susceptible	susceptible	resistant	susceptible	susceptible	susceptible	susceptible	resistant	susceptible	susceptible	resistant	resistant	susceptible
09-00683	187	non-ST22-A	2009	2		Namibia	#0066FFFF	Windhoek	-22.5589	17.0824	MSSA	t005	PEN, GEN	-	-	blaZ-B	-	-	-	-	-	aacA	-	-	-	-	unknown	-	SCIN	sak	CHIPS	-	lukS/F	-	susceptible	susceptible	susceptible	susceptible	susceptible	susceptible	resistant	susceptible	susceptible	susceptible	susceptible	resistant	susceptible	susceptible	resistant	susceptible	susceptible
09-00980	SH/587	ST22-A1	1996			UK	#FF0000FF	Bristol	51.4553	-2.5919	IVh 	t022	PEN, OXA, ERY	mecA	ermC	blaZ-B	-	-	-	-	-	-	-	-	-	-	+	-	SCIN	sak	CHIPS	entC	-	-	susceptible	susceptible	susceptible	susceptible	resistant	susceptible	susceptible	susceptible	resistant	susceptible	susceptible	resistant	susceptible	susceptible	susceptible	susceptible	susceptible
09-00981	MID/MV7804	ST22-A2	1996			New Zealand	#0000FFFF	Auckland	-36.8485	174.7633	IVh 	t032	PEN, OXA, ERY, CIP, MFL	mecA	ermC	blaZ-B	-	-	-	-	-	-	S80F	S84L	-	-	+	-	SCIN	sak	CHIPS	entC	-	frameshift	susceptible	resistant	susceptible	susceptible	resistant	susceptible	susceptible	susceptible	resistant	resistant	susceptible	resistant	susceptible	susceptible	susceptible	susceptible	susceptible
09-00982	MID/MV7798	ST22-A2	1996			New Zealand	#0000FFFF	Auckland	-36.8485	174.7633	IVh 	t032	PEN, OXA, ERY, CIP, MFL	mecA	ermC	blaZ-B	-	-	-	-	-	-	S80F	S84L	-	-	+	-	SCIN	sak	CHIPS	entC	-	frameshift	susceptible	resistant	susceptible	susceptible	resistant	susceptible	susceptible	susceptible	resistant	resistant	susceptible	susceptible	susceptible	susceptible	susceptible	susceptible	susceptible
09-00983	MID/MV7767	ST22-A2	1996			New Zealand	#0000FFFF	Auckland	-36.8485	174.7633	IVh 	t032	PEN, OXA, ERY, CIP, MFL	mecA	ermC	blaZ-B	-	-	-	-	-	-	S80F	S84L	-	-	+	-	SCIN	sak	CHIPS	entC	-	frameshift	susceptible	resistant	susceptible	susceptible	resistant	susceptible	susceptible	susceptible	resistant	resistant	susceptible	susceptible	susceptible	susceptible	susceptible	susceptible	susceptible
09-00984	MID/MV7354	ST22-A2	1996			New Zealand	#0000FFFF	Auckland	-36.8485	174.7633	IVh 	t032	PEN, OXA, ERY, CIP, MFL	mecA	ermC	blaZ-B	-	-	-	-	-	-	S80F	S84L	-	-	+	-	SCIN	sak	CHIPS	entC	-	frameshift	susceptible	resistant	susceptible	susceptible	resistant	susceptible	susceptible	susceptible	resistant	resistant	susceptible	resistant	susceptible	susceptible	susceptible	susceptible	susceptible
09-00985	98072V	non-ST22-A	1996			Australia	#66FF00FF	Perth	-31.9522	115.8589	MSSA	t005	susceptible	-	-	-	-	-	-	-	-	-	-	-	-	-	+	-	SCIN	sak	CHIPS	-	-	-	susceptible	susceptible	susceptible	susceptible	susceptible	susceptible	susceptible	susceptible	susceptible	susceptible	susceptible	susceptible	susceptible	susceptible	susceptible	susceptible	susceptible
09-01243	153/04	ST22-A2	2004	1	21	Singapore	#6600FFFF	Singapore	1.3521	103.8198	IVh 	t032	PEN, OXA, ERY, CIP, MFL	mecA	ermC	blaZ-B	-	-	-	-	-	-	S80F	S84L	-	-	+	-	SCIN	sak	CHIPS	entC	-	frameshift	susceptible	resistant	susceptible	susceptible	resistant	susceptible	susceptible	susceptible	resistant	resistant	susceptible	susceptible	susceptible	susceptible	susceptible	susceptible	susceptible
09-01244	133/07	ST22-A2	2007	4	19	Singapore	#6600FFFF	Singapore	1.3521	103.8198	IVh 	t032	PEN, OXA, CIP, MFL	mecA	-	blaZ-B	-	-	-	-	-	-	S80F	S84L	-	-	+	-	SCIN	sak	CHIPS	entC	-	frameshift	susceptible	resistant	susceptible	susceptible	susceptible	susceptible	susceptible	susceptible	resistant	resistant	susceptible	resistant	susceptible	susceptible	susceptible	susceptible	susceptible
09-01245	299/07	ST22-A2	2007	9	8	Singapore	#6600FFFF	Singapore	1.3521	103.8198	IVh 	t032	PEN, OXA, CIP, MFL	mecA	-	blaZ-B	-	-	-	-	-	-	S80F	S84L	-	-	+	-	SCIN	sak	CHIPS	entC	-	frameshift	susceptible	resistant	susceptible	susceptible	susceptible	susceptible	susceptible	susceptible	resistant	resistant	susceptible	resistant	susceptible	susceptible	susceptible	susceptible	susceptible
09-01246	295/07	ST22-A2	2007	8	10	Singapore	#6600FFFF	Singapore	1.3521	103.8198	IVh 	t1214	PEN, OXA, ERY, TET, CIP, MFL	mecA	ermC	blaZ-B	tetK	-	-	-	-	-	S80F	S84L	-	-	+	-	SCIN	sak	CHIPS	-	-	frameshift	susceptible	resistant	susceptible	susceptible	resistant	susceptible	susceptible	susceptible	resistant	resistant	susceptible	resistant	susceptible	resistant	susceptible	susceptible	susceptible
09-01247	314/07	ST22-A2	2007	10	9	Singapore	#6600FFFF	Singapore	1.3521	103.8198	IVh 	t032	PEN, OXA, CIP, MFL	mecA	-	blaZ-B	-	-	-	-	-	-	S80F	S84L	-	-	+	-	SCIN	sak	CHIPS	entC	-	frameshift	susceptible	resistant	susceptible	susceptible	susceptible	susceptible	susceptible	susceptible	resistant	resistant	susceptible	resistant	susceptible	susceptible	susceptible	susceptible	susceptible
09-01248	323/07	ST22-A2	2007	10	17	Singapore	#6600FFFF	Singapore	1.3521	103.8198	IVh 	t032	PEN, OXA, ERY, TET, CIP, MFL	mecA	ermC	blaZ-B	tetK	-	-	-	-	-	S80F	S84L	-	-	+	-	SCIN	sak	CHIPS	-	-	frameshift	susceptible	resistant	susceptible	susceptible	resistant	susceptible	susceptible	susceptible	resistant	resistant	susceptible	resistant	susceptible	resistant	susceptible	susceptible	susceptible
09-01249	345/07	ST22-A2	2007	10	22	Singapore	#6600FFFF	Singapore	1.3521	103.8198	IVh 	t032	PEN, OXA, CIP, MFL	mecA	-	blaZ-B	-	-	-	-	-	-	S80F	S84L	-	-	+	-	SCIN	sak	CHIPS	entC	-	frameshift	susceptible	resistant	susceptible	susceptible	susceptible	susceptible	susceptible	susceptible	resistant	resistant	susceptible	resistant	susceptible	susceptible	susceptible	susceptible	susceptible
1018_07	RH10000212	ST22-A2	2007	10	3	UK	#FF0000FF	London, England	51.4978665	-0.1188407	IVh 	t032	PEN, OXA, GEN, ERY, CIP, MFL	mecA	ermC	blaZ-B	-	-	-	-	-	aacA	S80F	S84L	-	-	+	-	SCIN	sak	CHIPS	-	-	frameshift	susceptible	resistant	susceptible	susceptible	resistant	susceptible	resistant	susceptible	resistant	resistant	susceptible	resistant	susceptible	susceptible	resistant	susceptible	susceptible
1998-B23	RH08000258	non-ST22-A	1998			UK	#FF0000FF	England	52.3555177	-1.1743197	IVd 	t005	PEN, OXA	mecA	-	blaZ-B	-	-	-	-	-	-	-	-	-	-	+	-	SCIN	sak	CHIPS	-	-	-	susceptible	susceptible	susceptible	susceptible	susceptible	susceptible	susceptible	susceptible	resistant	susceptible	susceptible	resistant	susceptible	susceptible	susceptible	susceptible	susceptible
370_07	RH10000208	ST22-A2	2007	4	1	UK	#FF0000FF	London, England	51.4978665	-0.1188407	IVh 	t032	PEN, OXA, CIP, FUS, MFL	mecA	-	blaZ-B	-	-	V90I	-	-	-	S80F	S84L	-	-	+	-	SCIN	sak	CHIPS	entC	-	frameshift	susceptible	resistant	susceptible	susceptible	susceptible	resistant	susceptible	susceptible	resistant	resistant	susceptible	resistant	susceptible	susceptible	susceptible	susceptible	susceptible
403_02	RH10000214	ST22-A2	2002	3	28	UK	#FF0000FF	London, England	51.4978665	-0.1188407	IVh 	t032	PEN, OXA, ERY, CIP, FUS, MFL	mecA	ermC	blaZ-B	-	-	V90I	-	-	-	S80F	S84L	-	-	+	-	SCIN	sak	CHIPS	-	-	frameshift	susceptible	resistant	susceptible	susceptible	resistant	resistant	susceptible	susceptible	resistant	resistant	susceptible	resistant	susceptible	susceptible	susceptible	susceptible	susceptible
434_07	RH10000209	ST22-A2	2007	5	23	UK	#FF0000FF	London, England	51.4978665	-0.1188407	IVh 	t032	PEN, OXA, GEN, ERY, CIP, MFL	mecA	ermC	blaZ-B	-	-	-	-	-	aacA	S80F	S84L	-	-	+	-	SCIN	sak	CHIPS	-	-	frameshift	susceptible	resistant	susceptible	susceptible	resistant	susceptible	resistant	susceptible	resistant	resistant	susceptible	resistant	susceptible	susceptible	resistant	susceptible	susceptible
723_07	RH10000211	ST22-A2	2007	7	11	UK	#FF0000FF	London, England	51.4978665	-0.1188407	MSSA	t032	PEN, ERY, CIP, MFL	-	ermC	blaZ-B	-	-	-	-	-	-	S80F	S84L	-	-	+	-	SCIN	sak	CHIPS	entC	-	frameshift	susceptible	resistant	susceptible	susceptible	resistant	susceptible	susceptible	susceptible	susceptible	resistant	susceptible	resistant	susceptible	susceptible	susceptible	susceptible	susceptible
90-10685	90/10685	ST22-A1	1990			UK	#FF0000FF	Barking, England	51.536563	0.075766	IVh 	t022	PEN, OXA	mecA	-	blaZ-B	-	-	-	-	-	-	-	-	-	-	+	-	SCIN	sak	CHIPS	entC	-	-	susceptible	susceptible	susceptible	susceptible	susceptible	susceptible	susceptible	susceptible	resistant	susceptible	susceptible	resistant	susceptible	susceptible	susceptible	susceptible	susceptible
90-9576	90/9576	ST22-A2	1990			UK	#FF0000FF	East Birmingham, England	52.486243	-1.890401	IVh 	t032	PEN, OXA, CIP, MFL	mecA	-	blaZ-B	-	-	-	-	-	-	S80F	S84L	-	-	+	-	SCIN	sak	CHIPS	entC	-	frameshift	susceptible	resistant	susceptible	susceptible	susceptible	susceptible	susceptible	susceptible	resistant	resistant	susceptible	resistant	susceptible	susceptible	susceptible	susceptible	susceptible
91-10312	91/10312	ST22-A1	1991			UK	#FF0000FF	High Wycombe, England	51.628611	-0.748229	IVh 	t022	PEN, OXA, ERY	mecA	ermC	blaZ-B	-	-	-	-	-	-	-	-	-	-	+	-	SCIN	sak	CHIPS	entC	-	frameshift	susceptible	susceptible	susceptible	susceptible	resistant	susceptible	susceptible	susceptible	resistant	susceptible	susceptible	resistant	susceptible	susceptible	susceptible	susceptible	susceptible
91-10759	91/10759	ST22-A1	1991			UK	#FF0000FF	Charing Cross, England	50.910358	-1.835548	IVh 	t022	PEN, OXA, ERY	mecA	ermC	blaZ-B	-	-	-	-	-	-	-	-	-	-	+	-	SCIN	sak	CHIPS	entC	-	frameshift	susceptible	susceptible	susceptible	susceptible	resistant	susceptible	susceptible	susceptible	resistant	susceptible	susceptible	resistant	susceptible	susceptible	susceptible	susceptible	susceptible
91-10795	91/10795	ST22-A1	1991			UK	#FF0000FF	Enfield, England	51.654465	-0.081814	IVh 	t3244	PEN, OXA	mecA	-	blaZ-B	-	-	-	-	-	-	-	-	-	-	+	-	SCIN	sak	CHIPS	entC	-	frameshift	susceptible	susceptible	susceptible	susceptible	susceptible	susceptible	susceptible	susceptible	resistant	susceptible	susceptible	resistant	susceptible	susceptible	susceptible	susceptible	susceptible
91-10977	91/10977	ST22-A1	1991			UK	#FF0000FF	High Wycombe, England	51.628611	-0.748229	IVh 	t022	PEN, OXA, ERY	mecA	ermC	blaZ-B	-	-	-	-	-	-	-	-	-	-	+	-	SCIN	sak	CHIPS	entC	-	frameshift	susceptible	susceptible	susceptible	susceptible	resistant	susceptible	susceptible	susceptible	resistant	susceptible	susceptible	resistant	susceptible	susceptible	susceptible	susceptible	susceptible
91-10982	91/10982	ST22-A1	1991			UK	#FF0000FF	Central Middlesex, England	51.463658	-0.3561899	IVh 	t022	PEN, OXA, ERY	mecA	ermC	blaZ-B	-	-	-	-	-	-	-	-	-	-	+	-	SCIN	sak	CHIPS	entC	-	frameshift	susceptible	susceptible	susceptible	susceptible	resistant	susceptible	susceptible	susceptible	resistant	susceptible	susceptible	resistant	susceptible	susceptible	susceptible	susceptible	susceptible
91-11046	91/11046	ST22-A1	1991			UK	#FF0000FF	Charing Cross, England	50.910358	-1.835548	IVh 	t022	PEN, OXA, ERY	mecA	ermC	blaZ-B	-	-	-	-	-	-	-	-	-	-	+	-	SCIN	sak	CHIPS	entC	-	frameshift	susceptible	susceptible	susceptible	susceptible	resistant	susceptible	susceptible	susceptible	resistant	susceptible	susceptible	resistant	susceptible	susceptible	susceptible	susceptible	susceptible
91-11452	91/11452	ST22-A2	1991			UK	#FF0000FF	England	52.3555177	-1.1743197	IVh 	t8462	PEN, OXA, CIP, MFL	mecA	-	blaZ-B	-	-	-	-	-	-	S80F	S84L	-	-	+	-	SCIN	sak	CHIPS	entC	-	frameshift	susceptible	resistant	susceptible	susceptible	susceptible	susceptible	susceptible	susceptible	resistant	resistant	susceptible	resistant	susceptible	susceptible	susceptible	susceptible	susceptible
91-11785	91/11785	ST22-A1	1991			UK	#FF0000FF	UCH, England	51.5253089	-0.1366397	IVh 	t022	PEN, OXA, ERY	mecA	ermC	blaZ-B	-	-	-	-	-	-	-	-	-	-	+	-	SCIN	sak	CHIPS	entC	-	frameshift	susceptible	susceptible	susceptible	susceptible	resistant	susceptible	susceptible	susceptible	resistant	susceptible	susceptible	resistant	susceptible	susceptible	susceptible	susceptible	susceptible
91-5368	91/5368	ST22-A2	1991			UK	#FF0000FF	East Birmingham, England	52.486243	-1.890401	IVh 	t032	PEN, OXA, CIP, MFL	mecA	-	blaZ-B	-	-	-	-	-	-	S80F	S84L	-	-	+	-	SCIN	sak	CHIPS	entC	-	frameshift	susceptible	resistant	susceptible	susceptible	susceptible	susceptible	susceptible	susceptible	resistant	resistant	susceptible	resistant	susceptible	susceptible	susceptible	susceptible	susceptible
91-5370	RH11000217	ST22-A2	1991			UK	#FF0000FF	East Birmingham, England	52.486243	-1.890401	IVh 	t8490	PEN, CIP, MFL	mecA	-	blaZ-B	-	-	-	-	-	-	S80F	S84L	-	-	+	-	SCIN	sak	CHIPS	entC	-	frameshift	susceptible	resistant	susceptible	susceptible	susceptible	susceptible	susceptible	susceptible	resistant	resistant	susceptible	resistant	susceptible	susceptible	susceptible	susceptible	susceptible
921_07	RH10000215	ST22-A2	2007	9	3	UK	#FF0000FF	London, England	51.4978665	-0.1188407	IVh 	t032	PEN, OXA, GEN, ERY, CIP, MFL	mecA	ermC	blaZ-B	-	-	-	-	-	aacA	S80F	S84L	-	-	+	-	SCIN	sak	CHIPS	-	-	frameshift	susceptible	resistant	susceptible	susceptible	resistant	susceptible	resistant	susceptible	resistant	resistant	susceptible	resistant	susceptible	susceptible	resistant	susceptible	susceptible
93-3696	93/3696	ST22-A1	1993			UK	#FF0000FF	England	52.3555177	-1.1743197	IVh 	t022	PEN, OXA, ERY	mecA	ermC	blaZ-B	-	-	-	-	-	-	-	-	-	-	+	-	-	-	-	entC	-	frameshift	susceptible	susceptible	susceptible	susceptible	resistant	susceptible	susceptible	susceptible	resistant	susceptible	susceptible	resistant	susceptible	susceptible	susceptible	susceptible	susceptible
93-3697	93/3697	ST22-A1	1993			UK	#FF0000FF	England	52.3555177	-1.1743197	IVh 	t022	PEN, OXA, ERY	mecA	ermC	blaZ-B	-	-	-	-	-	-	-	-	-	-	+	-	SCIN	sak	CHIPS	entC	-	frameshift	susceptible	susceptible	susceptible	susceptible	resistant	susceptible	susceptible	susceptible	resistant	susceptible	susceptible	resistant	susceptible	susceptible	susceptible	susceptible	susceptible
930_02	RH10000210	ST22-A2	2002	7	13	UK	#FF0000FF	London, England	51.4978665	-0.1188407	IVh 	t032	PEN, OXA, ERY, CIP, MFL	mecA	ermC	blaZ-B	-	-	-	-	-	-	S80F	S84L	-	-	+	-	SCIN	sak	CHIPS	entC	-	frameshift	susceptible	resistant	susceptible	susceptible	resistant	susceptible	susceptible	susceptible	resistant	resistant	susceptible	resistant	susceptible	susceptible	susceptible	susceptible	susceptible
96-01678_H	09-03577	ST22-A2	1996	10		Germany	#FF6600FF	Berlin	52.5234	13.4114	IVh 	t032	PEN, OXA, CIP, MFL	mecA	-	blaZ-B	-	-	-	-	-	-	S80F	S84L	-	-	+	-	-	-	-	entC	-	frameshift	susceptible	resistant	susceptible	susceptible	susceptible	susceptible	susceptible	susceptible	resistant	resistant	susceptible	resistant	susceptible	susceptible	susceptible	susceptible	susceptible
98_2921_X	-	ST22-A2	1998	5	10	UK	#FF0000FF	Royal Infirmary, Glasgow, Scotland 	55.8659	-4.23172	IVh 	t032	PEN, OXA, ERY, CIP, MFL	mecA	ermC	blaZ-B	-	-	-	-	-	-	S80F	S84L	-	-	+	-	-	-	-	entC	-	frameshift	susceptible	resistant	susceptible	susceptible	resistant	susceptible	susceptible	susceptible	resistant	resistant	susceptible	resistant	susceptible	susceptible	susceptible	susceptible	susceptible
98_4823_X	RH10000146	ST22-A2	1998	9	10	UK	#FF0000FF	Scotland	51.924216	4.481776	IVh 	t032	PEN, OXA, ERY, CIP, MFL	mecA	ermC	blaZ-B	-	-	-	-	-	-	S80F	S84L	-	-	unknown	-	SCIN	sak	CHIPS	entC	-	frameshift	susceptible	resistant	susceptible	susceptible	resistant	susceptible	susceptible	susceptible	resistant	resistant	susceptible	resistant	susceptible	susceptible	susceptible	susceptible	susceptible
98-10618	09-03575	ST22-A1	1998			UK	#FF0000FF	London	51.5002	-0.1262	IVh 	t022	PEN, OXA	mecA	-	blaZ-B	-	-	-	-	-	-	-	-	-	-	+	-	SCIN	sak	CHIPS	entC	-	-	susceptible	susceptible	susceptible	susceptible	susceptible	susceptible	susceptible	susceptible	resistant	susceptible	susceptible	resistant	susceptible	susceptible	susceptible	susceptible	susceptible
98-24344	09-03574	ST22-A2	1998			UK	#FF0000FF	London	51.5002	-0.1262	IVh 	t032	PEN, OXA, ERY, CIP, MFL	mecA	ermC	blaZ-B	-	-	-	-	-	-	S80F	S84L	-	-	+	-	-	-	-	-	-	frameshift	susceptible	resistant	susceptible	susceptible	resistant	susceptible	susceptible	susceptible	resistant	resistant	susceptible	resistant	susceptible	susceptible	susceptible	susceptible	susceptible
98-26821	09-03576	ST22-A2	1998			UK	#FF0000FF	London	51.5002	-0.1262	IVh 	t1275	PEN, OXA, CIP, MFL	mecA	-	blaZ-B	-	-	-	-	-	-	S80F	S84L	-	-	+	-	SCIN	sak	CHIPS	-	-	frameshift	susceptible	resistant	susceptible	susceptible	susceptible	susceptible	susceptible	susceptible	resistant	resistant	susceptible	resistant	susceptible	susceptible	susceptible	susceptible	susceptible
99St18131	RH10000147	ST22-A2	1999			Australia	#66FF00FF	-	-29.5328037	145.491477	IVh 	t032	PEN, OXA, CIP, MFL	mecA	-	blaZ-B	-	-	-	-	-	-	S80F	S84L	-	-	+	-	SCIN	sak	CHIPS	-	-	frameshift	susceptible	resistant	susceptible	susceptible	susceptible	susceptible	susceptible	susceptible	resistant	resistant	susceptible	resistant	susceptible	susceptible	susceptible	susceptible	susceptible
A09973-_97	RH10000155	ST22-A2	1997			Sweden	#CC00FFFF	Sweden	60.128161	18.643501	IVh 	t032	PEN, OXA, ERY, CLI, CIP, MFL	mecA	ermC	blaZ-B	-	-	-	-	-	-	S80F	S84L	-	Transposase insertion 76bp upstream of ermC, within ermC leader peptide	unknown	-	SCIN	sak	CHIPS	entC	-	frameshift	susceptible	resistant	resistant	susceptible	resistant	susceptible	susceptible	susceptible	resistant	resistant	susceptible	resistant	susceptible	susceptible	susceptible	susceptible	susceptible
AR_0650_784	RH10000148	ST22-A1	1993			Ireland	#FF00CCFF	Dublin	53.3528353	-6.3263057	IVh 	t022	PEN, OXA	mecA	-	blaZ-B	-	-	-	-	-	-	-	-	-	-	+	-	SCIN	sak	CHIPS	entC	-	-	susceptible	susceptible	susceptible	susceptible	susceptible	susceptible	susceptible	susceptible	resistant	susceptible	susceptible	resistant	susceptible	susceptible	susceptible	susceptible	susceptible
ARI1	RH10000166	ST22-A2	2007	5	1	UK	#FF0000FF	Aberdeen, Scotland	57.1549781	-2.1361221	IVh 	t379	PEN, OXA, ERY, CIP, MFL	mecA	ermC	blaZ-B	-	-	-	-	-	-	S80F	S84L	-	-	+	-	SCIN	sak	CHIPS	entC	-	frameshift	susceptible	resistant	susceptible	susceptible	resistant	susceptible	susceptible	susceptible	resistant	resistant	susceptible	resistant	susceptible	susceptible	susceptible	resistant	susceptible
ARI10	RH10000169	ST22-A2	2007	8	3	UK	#FF0000FF	Aberdeen, Scotland	57.1549781	-2.1361221	IVh 	t032	PEN, OXA, CIP, FUS, MFL	mecA	-	blaZ-B	-	-	L461S	-	-	-	S80F	S84L	-	-	+	-	SCIN	sak	CHIPS	entC	-	frameshift	susceptible	resistant	susceptible	susceptible	susceptible	resistant	susceptible	susceptible	resistant	resistant	susceptible	resistant	susceptible	susceptible	susceptible	resistant	susceptible
ARI11	RH10000170	ST22-A2	2007	9	4	UK	#FF0000FF	Aberdeen, Scotland	57.1549781	-2.1361221	IVh 	t790	PEN, OXA, CIP, MFL	mecA	-	blaZ-B	-	-	-	-	-	-	S80F	S84L	-	-	+	-	SCIN	sak	CHIPS	entC	-	frameshift	susceptible	resistant	susceptible	susceptible	susceptible	susceptible	susceptible	susceptible	resistant	resistant	susceptible	resistant	susceptible	susceptible	susceptible	susceptible	susceptible
ARI12	RH10000171	ST22-A2	2007	10	1	UK	#FF0000FF	Aberdeen, Scotland	57.1549781	-2.1361221	IVh 	t022	PEN, OXA, ERY, CIP, MFL	mecA	ermC	blaZ-B	-	-	-	-	-	-	S80F	S84L	-	-	+	-	SCIN	sak	CHIPS	entC	-	frameshift	susceptible	resistant	susceptible	susceptible	resistant	susceptible	susceptible	susceptible	resistant	resistant	susceptible	resistant	susceptible	susceptible	susceptible	susceptible	susceptible
ARI26	RH10000172	ST22-A2	2005	11	5	UK	#FF0000FF	Aberdeen, Scotland	57.1549781	-2.1361221	IVh 	t032	PEN, OXA, ERY, CIP, MFL	mecA	ermC	blaZ-B	-	-	-	-	-	-	S80F	S84L	-	-	+	-	SCIN	sak	CHIPS	entC	-	frameshift	susceptible	resistant	susceptible	susceptible	resistant	susceptible	susceptible	susceptible	resistant	resistant	susceptible	resistant	susceptible	susceptible	susceptible	resistant	susceptible
ARI29	RH10000173	ST22-A2	2006	9	6	UK	#FF0000FF	Aberdeen, Scotland	57.1549781	-2.1361221	IVh 	t032	PEN, OXA, CIP, MFL	mecA	-	blaZ-B	-	-	-	-	-	-	S80F	S84L	-	-	unknown	-	SCIN	sak	CHIPS	entC	-	frameshift	susceptible	resistant	susceptible	susceptible	susceptible	susceptible	susceptible	susceptible	resistant	resistant	susceptible	resistant	susceptible	susceptible	susceptible	resistant	susceptible
ARI31	RH10000174	ST22-A2	2007	7	4	UK	#FF0000FF	Aberdeen, Scotland	57.1549781	-2.1361221	IVh 	t032	PEN, OXA, CIP, MFL	mecA	-	blaZ-B	-	-	-	-	-	-	S80F	S84L	-	-	+	-	SCIN	sak	CHIPS	entC	-	frameshift	susceptible	resistant	susceptible	susceptible	susceptible	susceptible	susceptible	susceptible	resistant	resistant	susceptible	resistant	susceptible	susceptible	susceptible	resistant	susceptible
ARI4	RH10000167	ST22-A2	2007	9	4	UK	#FF0000FF	Aberdeen, Scotland	57.1549781	-2.1361221	IVh 	t032	PEN, OXA, CIP, MFL	mecA	-	blaZ-B	-	-	-	-	-	-	S80F	S84L	-	-	+	-	SCIN	sak	CHIPS	entC	-	frameshift	susceptible	resistant	susceptible	susceptible	susceptible	susceptible	susceptible	susceptible	resistant	resistant	susceptible	resistant	susceptible	susceptible	susceptible	resistant	susceptible
ARI5	RH10000168	ST22-A2	2007	9	4	UK	#FF0000FF	Aberdeen, Scotland	57.1549781	-2.1361221	IVh 	t032	PEN, OXA, CIP, FUS, MFL	mecA	-	blaZ-B	-	-	L461S	-	-	-	S80F	S84L	-	-	+	-	SCIN	sak	CHIPS	entC	-	frameshift	susceptible	resistant	susceptible	susceptible	susceptible	resistant	susceptible	susceptible	resistant	resistant	susceptible	resistant	susceptible	susceptible	susceptible	resistant	susceptible
ARI7	RH10000175	ST22-A2	2007	5	1	UK	#FF0000FF	Aberdeen, Scotland	57.1549781	-2.1361221	IVh 	t032	PEN, OXA, ERY, CIP, MFL	mecA	ermC	blaZ-B	-	-	-	-	-	-	S80F	S84L	-	-	+	-	-	-	-	entC	-	frameshift	susceptible	resistant	susceptible	susceptible	resistant	susceptible	susceptible	susceptible	resistant	resistant	susceptible	resistant	susceptible	susceptible	susceptible	resistant	susceptible
Btn_1626	RH10000149	ST22-A2	2002			UK	#FF0000FF	Brighton, England	50.842941	-0.131312	IVh 	t3185	PEN, OXA, ERY, CIP, MFL	mecA	ermC	blaZ-B	-	-	-	-	-	-	S80F	S84L	-	-	+	-	SCIN	sak	CHIPS	entC	-	frameshift	susceptible	resistant	susceptible	susceptible	resistant	susceptible	susceptible	susceptible	resistant	resistant	susceptible	resistant	susceptible	susceptible	susceptible	susceptible	susceptible
C720_MRSA	RH10000150	ST22-A2	1998			UK	#FF0000FF	Oxford, England	51.751724	-1.255285	IVh 	t032	PEN, OXA, CIP, MFL	mecA	-	blaZ-B	-	-	-	-	-	-	S80F	S84L	-	-	+	-	SCIN	sak	CHIPS	entC	-	frameshift	susceptible	resistant	susceptible	susceptible	susceptible	susceptible	susceptible	susceptible	resistant	resistant	susceptible	resistant	susceptible	susceptible	susceptible	susceptible	susceptible
F827_28	RH10000195	ST22-A2	2007	9	13	UK	#FF0000FF	London, England	51.5254438	-0.1336588	IVh (J1h, J3 novel, M299-like)	t1258	PEN, OXA, CIP, MFL	mecA	-	blaZ-B	-	-	-	-	-	-	S80F	S84L	-	-	+	-	SCIN	sak	CHIPS	entC	-	frameshift	susceptible	resistant	susceptible	susceptible	susceptible	susceptible	susceptible	susceptible	resistant	resistant	susceptible	resistant	susceptible	susceptible	susceptible	susceptible	susceptible
F869_96	RH10000192	ST22-A2	2007	9	21	UK	#FF0000FF	London, England	51.5254438	-0.1336588	IVh 	t294	PEN, OXA, ERY, CIP, MFL	mecA	ermC	blaZ-B	-	-	-	-	-	-	S80F	S84L	-	-	+	-	-	-	-	-	-	frameshift	susceptible	resistant	susceptible	susceptible	resistant	susceptible	susceptible	susceptible	resistant	resistant	susceptible	resistant	susceptible	susceptible	susceptible	susceptible	susceptible
F902_02	RH10000194	ST22-A2	2007	9	28	UK	#FF0000FF	London, England	51.5254438	-0.1336588	IV/V (J1 IVh, J3 V 5C2&5, ccrAB)	t032	PEN, OXA, CIP, MFL	mecA	-	blaZ-B	-	-	-	-	-	-	S80F	S84L	-	-	+	-	SCIN	sak	CHIPS	entC	-	frameshift	susceptible	resistant	susceptible	susceptible	susceptible	susceptible	susceptible	susceptible	resistant	resistant	susceptible	resistant	susceptible	susceptible	susceptible	susceptible	susceptible
H182_MRSA	RH10000151	ST22-A2	1997			UK	#FF0000FF	Oxford, England	51.751724	-1.255285	IVh 	t032	PEN, OXA, CIP, MFL	mecA	-	blaZ-B	-	-	-	-	-	-	S80F	S84L	-	-	+	-	SCIN	sak	CHIPS	entC	-	frameshift	susceptible	resistant	susceptible	susceptible	susceptible	susceptible	susceptible	susceptible	resistant	resistant	susceptible	resistant	susceptible	susceptible	susceptible	susceptible	susceptible
H431_62	RH10000187	ST22-A2	2008	1	20	UK	#FF0000FF	London, England	51.5254438	-0.1336588	IV/V (J1 IVh, J3 V 5C2&5, ccrAB)	t032	PEN, OXA, ERY, CIP, MFL	mecA	ermC	blaZ-B	-	-	-	-	-	-	S80F	S84L	-	-	+	-	SCIN	sak	CHIPS	entC	-	frameshift	susceptible	resistant	susceptible	susceptible	resistant	susceptible	susceptible	susceptible	resistant	resistant	susceptible	resistant	susceptible	susceptible	susceptible	susceptible	susceptible
H65	RH10000152	non-ST22-A	1997	7	24	UK	#FF0000FF	Oxford, England	51.751724	-1.255285	MSSA	t7741	PEN	-	-	blaZ-B	-	-	-	-	-	-	-	-	-	-	+	-	SCIN	sak	CHIPS	-	-	-	susceptible	susceptible	susceptible	susceptible	susceptible	susceptible	susceptible	susceptible	susceptible	susceptible	susceptible	resistant	susceptible	susceptible	susceptible	susceptible	susceptible
H914_91	RH10000191	ST22-A2	2007	9	27	UK	#FF0000FF	London, England	51.5254438	-0.1336588	V (5C2&5)	t032	PEN, OXA, GEN, CIP, MFL	mecA	-	blaZ-B	-	-	-	-	-	aacA	S80F	S84L	-	-	+	-	SCIN	sak	CHIPS	-	-	frameshift	susceptible	resistant	susceptible	susceptible	susceptible	susceptible	resistant	susceptible	resistant	resistant	susceptible	resistant	susceptible	susceptible	resistant	susceptible	susceptible
HO_5322_0548_09	H053220548	ST22-A2	2005	8		UK	#FF0000FF	Bristol, England	51.454513	-2.58791	IVh 	t032	PEN, OXA, CIP, MFL	mecA	-	blaZ-B	-	-	-	-	-	-	S80F	S84L	-	-	-	-	SCIN	sak	CHIPS	-	-	frameshift	susceptible	resistant	susceptible	susceptible	susceptible	susceptible	susceptible	susceptible	resistant	resistant	susceptible	resistant	susceptible	susceptible	susceptible	susceptible	susceptible
HO_5378_0592_11	H053780592	ST22-A2	2005	9		UK	#FF0000FF	Bristol, England	51.454513	-2.58791	IVh 	t032	PEN, OXA, CIP, MFL	mecA	-	blaZ-B	-	-	-	-	-	-	S80F	S84L	-	-	+	-	-	-	-	entC	-	frameshift	susceptible	resistant	susceptible	susceptible	susceptible	susceptible	susceptible	susceptible	resistant	resistant	susceptible	resistant	susceptible	susceptible	susceptible	susceptible	susceptible
HO_7230_0407_05	H072300407	ST22-A2	2007	6		UK	#FF0000FF	Yorkshire, England	53.960895	-1.086895	IVh 	t032	PEN, OXA, CIP, MFL	mecA	-	blaZ-B	-	-	-	-	-	-	S80F	S84L	-	-	+	-	SCIN	sak	CHIPS	entC	-	frameshift	susceptible	resistant	susceptible	susceptible	susceptible	susceptible	susceptible	susceptible	resistant	resistant	susceptible	resistant	susceptible	susceptible	susceptible	susceptible	susceptible
HO_7258_0470_05	H072580470	ST22-A2	2007	6		UK	#FF0000FF	Manchester, England	53.479251	-2.247926	IVh 	t022	PEN, OXA, CIP, MFL	mecA	-	blaZ-B	-	-	-	-	-	-	S80F	S84L	-	-	+	-	SCIN	sak	CHIPS	entC	-	frameshift	susceptible	resistant	susceptible	susceptible	susceptible	susceptible	susceptible	susceptible	resistant	resistant	susceptible	resistant	susceptible	susceptible	susceptible	resistant	susceptible
HO_7258_0475_05	H072580475	ST22-A2	2007	6		UK	#FF0000FF	Manchester, England	53.479251	-2.247926	IVh 	t032	PEN, OXA, ERY, CIP, MFL	mecA	-	blaZ-B	-	-	-	-	-	-	S80F	S84L	-	-	+	-	-	-	-	-	-	frameshift	susceptible	resistant	susceptible	susceptible	susceptible	susceptible	susceptible	susceptible	resistant	resistant	susceptible	resistant	susceptible	susceptible	susceptible	susceptible	susceptible
HO_7286_0467_05	H072860467	ST22-A2	2007	7		UK	#FF0000FF	Buckinghamshire, England	51.8072204	-0.8127664	IVh 	t032	PEN, OXA, ERY, CIP, MFL	mecA	ermC	blaZ-B	-	-	-	-	-	-	S80F	S84L	-	-	+	-	SCIN	sak	CHIPS	-	-	frameshift	susceptible	resistant	susceptible	susceptible	resistant	susceptible	susceptible	susceptible	resistant	resistant	susceptible	resistant	susceptible	susceptible	susceptible	susceptible	susceptible
HO_7374_0468_05	H073740468	ST22-A2	2007	9		UK	#FF0000FF	Lincolnshire, England	53.2178821	-0.1999702	IVh 	t020	PEN, OXA, CIP, MFL	mecA	-	blaZ-B	-	-	-	-	-	-	S80F	S84L	-	-	+	-	SCIN	sak	CHIPS	entC	-	frameshift	susceptible	resistant	susceptible	susceptible	susceptible	susceptible	susceptible	susceptible	resistant	resistant	susceptible	resistant	susceptible	susceptible	susceptible	susceptible	susceptible
M665_56	RH10000193	ST22-A2	2007	7	23	UK	#FF0000FF	London, England	51.5254438	-0.1336588	IVh 	t032	PEN, OXA, ERY, CIP, MFL	mecA	ermC	blaZ-B	-	-	-	-	-	-	S80F	S84L	-	-	+	-	SCIN	sak	CHIPS	entC	-	frameshift	susceptible	resistant	susceptible	susceptible	resistant	susceptible	susceptible	susceptible	resistant	resistant	susceptible	resistant	susceptible	susceptible	susceptible	susceptible	susceptible
M810_08	RH10000189	ST22-A2	2007	9	2	UK	#FF0000FF	London, England	51.5254438	-0.1336588	IV/V (J1 IVh, J3 V 5C2&5, ccrAB)	t032	PEN, OXA, ERY, CIP, MFL	mecA	ermC	blaZ-B	-	-	-	-	-	-	S80F	S84L	-	-	+	-	SCIN	sak	CHIPS	entC	-	frameshift	susceptible	resistant	susceptible	susceptible	resistant	susceptible	susceptible	susceptible	resistant	resistant	susceptible	resistant	susceptible	susceptible	susceptible	susceptible	susceptible
NL_0113_99-5	RH10000153	non-ST22-A	1999	9	11	Netherlands	#FF0066FF	Rotterdam	51.924216	4.481776	MSSA	t005	susceptible	-	-	-	-	-	-	-	-	-	-	-	-	-	+	-	SCIN	sak	CHIPS	-	-	-	susceptible	susceptible	susceptible	susceptible	susceptible	susceptible	susceptible	susceptible	susceptible	susceptible	susceptible	susceptible	susceptible	susceptible	susceptible	susceptible	susceptible
RH_0600_0061_09	RH06000061	ST22-A2	2005	6		UK	#FF0000FF	Scotland	51.924216	4.481776	IVh 	t032	PEN, OXA, CIP, MFL	mecA	-	blaZ-B	-	-	-	-	-	-	S80F	S84L	-	-	+	-	SCIN	sak	CHIPS	entC	-	frameshift	susceptible	resistant	susceptible	susceptible	susceptible	susceptible	susceptible	susceptible	resistant	resistant	susceptible	resistant	susceptible	susceptible	susceptible	susceptible	susceptible
RH_0600_0064_09	RH06000064	ST22-A2	2005	5		UK	#FF0000FF	Scotland	51.924216	4.481776	IVh 	t032	PEN, OXA, CIP, MFL	mecA	-	blaZ-B	-	-	-	-	-	-	S80F	S84L	-	-	+	-	SCIN	sak	CHIPS	-	-	frameshift	susceptible	resistant	susceptible	susceptible	susceptible	susceptible	susceptible	susceptible	resistant	resistant	susceptible	resistant	susceptible	susceptible	susceptible	susceptible	susceptible
RH_0600_0125_09	RH10000141	ST22-A2	2006	5		UK	#FF0000FF	Scotland	51.924216	4.481776	IVh 	t032	PEN, OXA, CIP, FUS, MFL	mecA	-	blaZ-B	-	-	V90I	-	-	-	S80F	S84L	-	-	+	-	SCIN	sak	CHIPS	entC	-	frameshift	susceptible	resistant	susceptible	susceptible	susceptible	resistant	susceptible	susceptible	resistant	resistant	susceptible	resistant	susceptible	susceptible	susceptible	susceptible	susceptible
T277_06	RH10000186	ST22-A2	2008	1	29	UK	#FF0000FF	London, England	51.5254438	-0.1336588	IVh 	t022	PEN, OXA, CIP, MFL	mecA	-	blaZ-B	-	-	-	-	-	-	S80F	S84L	-	-	+	-	SCIN	sak	CHIPS	-	-	frameshift	susceptible	resistant	susceptible	susceptible	susceptible	susceptible	susceptible	susceptible	resistant	resistant	susceptible	resistant	susceptible	susceptible	susceptible	susceptible	susceptible
T505_30	RH10000190	ST22-A2	2007	8	13	UK	#FF0000FF	London, England	51.5254438	-0.1336588	IVh 	t022	PEN, OXA, CIP, MFL	mecA	-	blaZ-B	-	-	-	-	-	-	S80F	S84L	-	-	+	-	SCIN	sak	CHIPS	-	-	frameshift	susceptible	resistant	susceptible	susceptible	susceptible	susceptible	susceptible	susceptible	resistant	resistant	susceptible	resistant	susceptible	susceptible	susceptible	susceptible	susceptible
W449_36	RH10000188	ST22-A2	2008	1	16	UK	#FF0000FF	London, England	51.5254438	-0.1336588	IVh 	t022	PEN, OXA, ERY, CIP, MFL	mecA	ermC	blaZ-B	-	-	-	-	-	-	S80F	S84L	-	-	+	-	SCIN	sak	CHIPS	-	-	frameshift	susceptible	resistant	susceptible	susceptible	resistant	susceptible	susceptible	susceptible	resistant	resistant	susceptible	resistant	susceptible	susceptible	susceptible	susceptible	susceptible
